紅色 式不要的										
address 前面相同的也不要										
										
										
										
										
										
										
可以代表所有人的 就用所有人代表，例如 某地址 有很多相同的										
										
							class			
							百貨公司			
							購物中心			
							商店			
							平價超級市場			
							批發店			
							大型超級市場			
							超級市場		藥房	
							五金用品店			
							家居用品店		小北	
										五金用品店
										
										
name	star	comment	class	address	latitude	longitude				
聖隆五金、水電材料行	4.5	85	五金用品店	台北市內湖區內湖路一段63號	25.0849309	121.5601862				
慶皇	4.2	20	五金用品店	台北市士林區士商路72號2樓	25.0909319	121.519746				
承鎰鏍絲企業有限公司	4.5	13	五金用品店	台北市大同區萬全街78號	25.0584043	121.5184812				
聯美五金百貨	4.3	332	五金用品店	台北市大安區復興南路二段151巷6-1號	25.0283006	121.5442535				
聯合百貨十元五金行	4	25	五金用品店	台北市文山區景美街32號	24.9911189	121.5417896				
龍鈦五金有限公司 角鋼	4.1	21	五金用品店	台北市松山區八德路四段435號	25.0498688	121.5702264				
嘉成五金有限公司	4.2	29	五金用品店	台北市松山區八德路四段429號	25.0496999	121.5699965				
和慶五金	3.1	9	五金用品店	台北市松山區八德路三段12巷51弄32號	25.0460485	121.5517778				
鴻霖螺絲五金有限公司	4.2	676	五金用品店	台北市南港區玉成街72號1樓	25.0465255	121.5823064				
好鄰居生活百貨-和平安居店	4.2	18	五金用品店	台北市大安區安居街4號	25.0213855	121.5551786				
小胖家族生活五金百貨	0	0	五金用品店	台北市文山區指南路一段30號	24.9875765	121.5695824				
小北百貨 台北康定店	4	1	五金用品店	台北市萬華區康定路338號	25.0354222	121.5011051				
億萬里特賣廣場	4.2	1	五金用品店	台北市萬華區廣州街146號	25.0365818	121.5007016				
三越五金有限公司	0	0	五金用品店	台北市萬華區環河南路一段110號	25.046936	121.5041757				
元大鑫五金有限公司	4.6	28	五金用品店	台北市萬華區西昌街93號	25.0411846	121.5009106				
名億五金有限公司	4.8	81	五金用品店	台北市萬華區環河南路一段246號	25.0460832	121.5030079				
北大生活五金百貨	4.4	139	五金用品店	新北市三峽區國際一街34號	24.9427343	121.3734666				
漢昇五金超市（三峽五金行-建築五金-家庭五金-板模五金-水電材料-土木五金-$	4.2	516	五金用品店	新北市三峽區中正路一段396-1號	24.9230735	121.3706401				
瑞誠五金行	4.4	92	五金用品店	新北市三峽區介壽路一段141號	24.9317024	121.3764586				
聖豐水電五金材料有限公司/三芝水電材料/三芝五金行/三芝衛浴設備	4.7	11	五金用品店	新北市三芝區忠孝街175號 1 樓	25.261561	121.505436				
金寶發號五金行	4.4	15	五金用品店	新北市三芝區中山路1段88巷3號	25.2566364	121.5025092				
SHOWBA小北百貨 新北三重店	4.1	2	五金用品店	新北市三重區重陽路四段27號	25.069385	121.4914993				
SHOWBA小北百貨 新北三重自強店	4.3	794	五金用品店	新北市三重區自強路一段73號	25.066971	121.49711				
大奇五金百貨	3.8	13	五金用品店	新北市三重區龍門路43號	25.0722286	121.4961268				
晉茂五金超商-三重店	3.6	86	五金用品店	新北市三重區光復路一段68巷6號	25.0490337	121.4716382				
元信(大人物)五金行	3.4	32	五金用品店	新北市三重區中正北路174號	25.066423	121.4837024				
晉茂五金超商-五股店	3.4	109	五金用品店	新北市五股區中興路一段32號	25.0726194	121.4686554				
振宇五金 五股店	4.5	281	五金用品店	新北市五股區芳洲八路178號	25.0890772	121.4464416				
港富五金 (五股店)	4.3	31	五金用品店	新北市五股區五工五路45號	25.0660079	121.4502254				
SHOWBA小北百貨-新北泰山仁愛店	4.5	372	五金用品店	新北市泰山區仁愛路155號157號	25.0563328	121.4345099				
鑫記五金行	4.6	35	五金用品店	新北市五股區工商路147號	25.086426	121.4350522				
鑫亞五金有限公司	4.2	17	五金用品店	新北市五股區中興路一段71號	25.0725877	121.4675369				
成州金成發商店	5	2	五金用品店	新北市五股區成泰路三段515號1樓	25.1006954	121.4513188				
舍樂力企業有限公司	4.2	44	五金用品店	新北市八里區觀海大道155號	25.1620773	121.42377				
SHOWBA小北百貨-新北土城中央店	4.5	354	五金用品店	新北市土城區中央路二段326號	24.972624	121.4402383				
小北百貨-新北新莊四維店	4.3	586	五金用品店	新北市新莊區四維路97巷7號	25.0237293	121.4238281				
SHOWBA小北百貨-新北新莊中港二店	4.5	267	五金用品店	新北市新莊區中港路195、197、199 號	25.0417153	121.4547623				
518生活百貨新莊裕民店	4.2	246	五金用品店	新北市新莊區裕民街85巷22號	25.0232381	121.4194882				
振宇五金 新莊店	4.3	777	五金用品店	新北市新莊區新樹路267號	25.0208836	121.4344198				
維良企業股份有限公司	4.2	88	五金用品店	新北市新莊區復興路三段56號	25.0444852	121.4630639				
SHOWBA小北百貨-新北民族店	4.1	1	五金用品店	新北市板橋區民族路192號	25.0075769	121.467983				
SHOWBA小北百貨-新北林口店	4.3	676	五金用品店	新北市林口區仁愛路二段239號	25.0763124	121.3748696				
SHOWBA小北百貨-新北林口中正店	4.1	342	五金用品店	新北市林口區中正路225號	25.0775034	121.3913736				
帝威五金	4.2	286	五金用品店	新北市林口區文化北路一段28號	25.0665308	121.3556946				
金興五金行	4.6	386	五金用品店	新北市林口區文化北路一段290號	25.0722956	121.360017				
璟順螺絲五金有限公司	4.7	106	五金用品店	新北市林口區三民路65-7號	25.066835	121.3583174				
川流家生活百貨樹林店	4.1	387	五金用品店	新北市樹林區中華路166號	24.9804053	121.4155076				
九九五金百貨	3.8	144	五金用品店	新北市樹林區太元街59號	24.978599	121.4189498				
好貨多五金百貨商行	4.1	156	五金用品店	新北市樹林區八德街188號	24.9744769	121.4193008				
中祺五金有限公司	4.6	5	五金用品店	新北市樹林區佳園路三段101巷120號	24.950177	121.396688				
建泰國際五金有限公司	4	70	五金用品店	新北市樹林區佳園路三段101巷120號	24.9502205	121.3966926				
福豊五金有限公司	5	6	五金用品店	新北市樹林區俊英街82-3號	25.0047016	121.4279497				
弘聖國際電料有限公司	4.3	32	五金用品店	新北市樹林區水源街11號	24.9835215	121.4251495				
俊琳五金有限公司	5	9	五金用品店	新北市樹林區三俊街91號	25.0155329	121.416528				
全家五金生活百貨	4.4	11	五金用品店	新北市板橋區溪北路98號	24.989271	121.428539				
SHOWBA小北百貨-新北福和店	4.2	1	五金用品店	新北市永和區福和路152號	25.0079339	121.5216244				
SHOWBA小北百貨-新北汐止店	4.3	592	五金用品店	新北市汐止區中興路168-9號	25.065599	121.6319695				
好鄰居生活百貨-汐止店	1	1	五金用品店	新北市汐止區忠孝東路218號	25.0664404	121.6622122				
捷誠五金行	4.3	33	五金用品店	新北市汐止區新台五路二段46號	25.0653073	121.6611428				
小北百貨 新北泰山店	4.2	1	五金用品店	新北市泰山區明志路三段128號	25.0402323	121.4248204				
SHOWBA小北百貨-新北泰林店	4.2	405	五金用品店	新北市泰山區泰林路二段200號	25.0613035	121.4334874				
泰山五金批發	4.5	49	五金用品店	新北市泰山區泰林路三段18號	25.0678585	121.4142144				
汶澄貿易有限公司(汶澄商行)	4.4	12	五金用品店	新北市泰山區大科一路271號	25.0555005	121.4069956				
全國五金百貨商品廣場	3.8	233	五金用品店	新北市淡水區中山北路一段120-1號	25.1772423	121.4434614				
立即購五金百貨生活館	3.9	237	五金用品店	新北市淡水區學府路66號	25.1703051	121.4488556				
億萬里五金百貨淡水店	4.2	212	五金用品店	新北市淡水區清水街18號	25.170462	121.4451692				
金豪麥五金百貨	4.7	75	五金用品店	新北市淡水區沙崙路256號	25.1850856	121.4262662				
東?五金有限公司 (沙崙店)	4.4	110	五金用品店	新北市淡水區沙崙路252號	25.1849692	121.4261109				
九海企業有限公司	4.3	8	五金用品店	新北市深坑區北深路三段93巷47號	25.0004261	121.6043496				
立即購五金生活館	4	354	五金用品店	新北市瑞芳區明燈路三段179號	25.1099757	121.801915				
SHOWBA小北百貨-新北長安店	4.1	886	五金用品店	新北市蘆洲區長安街137號	25.0814754	121.460742				
振宇五金 蘆洲店	4.4	451	五金用品店	新北市蘆洲區長榮路699號	25.0929145	121.4607493				
好師傅股份有限公司蘆洲店	4.2	244	五金用品店	新北市蘆洲區長榮路333號	25.0872036	121.459498				
SHOWBA小北百貨-新北景新店	4	1	五金用品店	新北市中和區中和路126號	24.9996056	121.5033417				
三岳五金百貨廣場	4	176	五金用品店	新北市中和區景新街410巷18弄1號	24.9892463	121.5119884				
SHOWBA小北百貨-新北新莊中港店	4.1	339	五金用品店	新北市新莊區中港路515號1~2樓２`地下一層	25.0507523	121.4519088				
超舜五金百貨大賣場 - 鶯歌店	4.1	550	五金用品店	新北市鶯歌區光明街26號	24.9559951	121.3488295				
鑫生活五金百貨	4.4	16	五金用品店	新北市鶯歌區鶯桃路598號	24.9683671	121.330298				
活動材料百貨五金	0	0	五金用品店	新北市鶯歌區中湖街305巷11號	24.9773404	121.3473078				
鍏廣有限公司	0	0	五金用品店	新北市鶯歌區建國路66號	24.9554151	121.35513				
創奕五金有限公司	3.5	56	五金用品店	新北市鶯歌區中正三路263號	24.9381514	121.3330474				
Vivo薇朵士林門市	3.9	15	化妝品店	台北市士林區文林路85號	25.0876657	121.5259067				
東華美容美髮百貨-資生堂碧麗妃專門店	4.5	20	化妝品店	台北市士林區延平北路五段193號1樓	25.0834419	121.509996				
新澤民百貨有限公司	4.6	5	化妝品店	台北市大同區民生西路324號	25.0568472	121.511443				
七彩美容百貨	4.1	77	化妝品店	台北市大同區重慶北路一段23號	25.0503835	121.5137533				
10/10 HOPE 台北微風南京店	2.7	23	化妝品店	台北市松山區南京東路三段337號微風南京1樓	25.0519819	121.548198				
寶雅 東湖康寧店	4.2	907	化妝品店	台北市內湖區康寧路三段72號	25.0697036	121.6115542				
寶雅 台北民生店	4.3	1	化妝品店	台北市松山區民生東路五段163-1號	25.0593151	121.5629083				
美雅國際企業股份有限公司	3.5	4	化妝品店	台灣松山區南京東路五段188號	25.051305	121.5638166				
寶雅 台北西門店	4.1	511	化妝品店	台北市萬華區昆明街98之4號1樓	25.0444017	121.5051413				
POYA寶雅 三重仁愛店	4.2	1	化妝品店	新北市三重區仁愛街506號	25.0819765	121.4880168				
MEKO風格美妝 MEKO BEAUTY MAKE-UP	5	323	化妝品店	新北市五股區五權七路61號5F	25.0699809	121.4519891				
寶雅 新莊建國店	4.2	467	化妝品店	新北市新莊區建國一路57號	25.0302633	121.4345965				
Lancome 遠東百貨板橋II 中本店專櫃	2.6	54	化妝品店	新北市板橋區新站路28號	25.0134305	121.4662988				
迪奧美妍專櫃 台北板橋大遠百店	4.2	130	化妝品店	"F, No. 28號新站路板橋區新北市22065"	25.0134663	121.466616				
CHANEL 香奈兒美妍 板橋大遠百店	4	73	化妝品店	新北市板橋區新站路28號	25.0139843	121.4666462				
MLD美樂蒂美容美髮香水百貨-新北林口門市	4.8	25	化妝品店	新北市林口區竹林路63號	25.0784998	121.3876535				
寶雅 秀泰樹林店	4.2	83	化妝品店	新北市樹林區樹新路40-6號號5樓	24.9954542	121.4283784				
寶雅 樹林中山店	4.2	956	化妝品店	新北市樹林區中山路一段111號	24.9906245	121.4230457				
POYA寶雅 汐止遠雄店	4.2	139	化妝品店	新北市汐止區新台五路一段99號2F	25.0619405	121.6489757				
寶雅 泰山仁愛店	4.3	620	化妝品店	新北市泰山區仁愛路157號	25.0563329	121.4346549				
美之最國際有限公司	3	2	化妝品店	新北市深坑區北深路三段153號6樓	25.0033334	121.6023346				
POYA寶雅 蘆洲集賢店	4.2	745	化妝品店	新北市蘆洲區集賢路399號	25.0818419	121.4803438				
POYA寶雅 鶯歌建國店	4.2	1	化妝品店	新北市鶯歌區建國路280號	24.9534533	121.3463547				
DAISO大創百貨 台北站前店	3.9	2	日本雜貨店	台北市中正區許昌街28號	25.0454481	121.5159608				
上易生活百貨-中坡店	4.4	29	日本雜貨店	台北市南港區中坡南路41號	25.043055	121.583581				
DAISO大創百貨 天母高島屋店	4.6	37	日本雜貨店	台北市士林區忠誠路二段55號12樓	25.1118713	121.5314445				
?雅日本生活百貨\永康街好逛的地方 \永康街名店 \永康街好逛的地方 \永康商圈名店 \永康商圈推薦店家 \永康商圈好玩的地方	4.8	322	日本雜貨店	台北市大安區永康街14巷6號	25.0312263	121.5292506				
DAISO大創百貨 MIKI PLAZA店(東區地下街店)	3.8	135	日本雜貨店	台北市大安區大安路一段77號11號地下街10	25.0419631	121.5463538				
DAISO大創百貨 台北明曜店	4.1	1	日本雜貨店	台北市大安區忠孝東路四段200號9樓	25.0412324	121.5520137				
DAISO大創百貨 景美瀚星店	4.5	30	日本雜貨店	台北市文山區景興路188號B1	24.9923	121.543815				
上易生活百貨-西園店	4.3	56	日本雜貨店	台北市萬華區西園路二段140巷79號	25.031597	121.4951058				
尚宏企業有限公司	4.4	8	日本雜貨店	台北市萬華區廣州街183號	25.0367127	121.5009239				
星享科技	0	0	日本雜貨店	新北市三重區光復路一段11號	25.0471932	121.4724615				
DAISO大創百貨 林口環球店A9店	3.8	32	日本雜貨店	新北市林口區文化三路一段2號1樓	25.0663381	121.361407				
DAISO大創百貨 樹林秀泰店	4.3	71	日本雜貨店	新北市樹林區樹新路40-6號4樓	24.9955128	121.4284257				
全聯福利中心 中正華山店	4.1	1	平價超級市場	台北市中正區忠孝東路一段86號	25.0441375	121.5244217				
全聯福利中心Pxmart 中正牯嶺	3.8	441	平價超級市場	台北市中正區和平西路一段54號	25.0263515	121.5195975				
七三七有限公司	4.1	42	平價超級市場	台北市內湖區內湖路一段737巷51弄3號	25.0802711	121.5793484				
全聯福利中心Pxmart 松山健康	3.9	441	平價超級市場	台北市松山區健康路243號B1	25.0543876	121.5633466				
大群生活百貨凌雲店	4.2	44	平價超級市場	新北市五股區凌雲路一段69號	25.101036	121.4510478				
田倉生鮮超市-宏匯廣場店	3.6	59	平價超級市場	新北市新莊區新北大道四段3號B2	25.0595541	121.4493386				
全聯福利中心Pxmart 新莊鴻金寶店	4.1	395	平價超級市場	新北市新莊區民安路188巷5號號之2	25.0230556	121.4247222				
PX MART Tamsui Tamkang U. Store	4.2	1	平價超級市場	新北市淡水區大忠街89號	25.1776989	121.446651				
全聯福利中心Pxmart 蘆洲重陽店	4.2	1	平價超級市場	新北市蘆洲區重陽街46號	25.0830787	121.4814157				
Norns新光三越A11專櫃門市	5	264	百貨公司	"B1, No. 11號松壽路信義區台北市110"	25.0368522	121.5672633				
A'ROMA P 新光三越信義新天地 A8 B1	5	1	百貨公司	"B1, No. 12號松高路信義區台北市110"	25.0387489	121.5666702				
欣欣大眾百貨	3.9	3	百貨公司	台北市中山區林森北路247號	25.0541812	121.5256281				
Alto 新光三越A8店	4.9	102	百貨公司	"B1, No. 12號松高路信義區台北市110"	25.0382241	121.5667909				
Porter International 站前新光三越	4.9	58	百貨公司	"F, No. 66號忠孝西路一段中正區台北市10018"	25.0461278	121.515325				
MATCHWOOD 新光三越百貨信義新天地A113FA11	0	0	百貨公司	matchwood.com.tw	23.4857501	119.49965				
Bella Couture Jewelry 新光三越天母創始店/台北鑽石商/全球首創GIA粉鑽百貨品牌/最多愛心粉鑽/GIA彩鑽/GIA鑽石/珠寶維修/珠寶首席設計師-音樂珠寶家Bella陳姿吟	5	2	百貨公司	台北市士林區天母東路68號	25.1179204	121.5339295				
va vendome aoyama+南西誠品店1F	4.8	66	百貨公司	台北市中山區南京西路14號	25.052187	121.5206641				
品木宣言 南西一館	0	0	百貨公司	台北市中山區南京西路12號1F	25.05196	121.5211207				
省多多生活百貨	4.4	50	百貨公司	台北市中山區興安街97號	25.0561914	121.5434255				
Golden Goose Deluxe Brand 晶華酒店	3.7	3	百貨公司	"B1, No. 3號中山北路二段39巷中山區台北市104"	25.0541778	121.524244				
新光三越 台北天母店一館	4	5	百貨公司	台北市士林區天母東路68號A棟	25.1178973	121.5339077				
美安SHOP.COM經銷商 民權西路	0	0	百貨公司	台北市中山區民權西路60號3樓	25.0625922	121.5202115				
永隆生活百貨	4.5	2	百貨公司	台北市大同區南京西路141號	25.054138	121.513817				
AISLE by abcense南西店	5	1	百貨公司	台北市中山區南京西路14號	25.052036	121.5206887				
莉絲百貨行	0	0	百貨公司	台北市中山區龍江路276號1樓	25.0607899	121.5406354				
鈺洋精品	0	0	百貨公司	台北市中山區復興北路46號	25.0495085	121.5437369				
Episode & Jessica	0	0	百貨公司	台北市中山區南京西路12號4樓	25.0523038	121.5211048				
誠品生活南西	4.4	7	百貨公司	台北市中山區南京西路14號	25.0521315	121.520677				
Wenzday NOKE忠泰樂生活	4	7	百貨公司	台北市中山區樂群三路200號1樓	25.0822446	121.5570625				
雞二哥(新光三越天母店)熟雞肉專賣	5	7	百貨公司	台北市士林區天母東路68號A棟(一館B1超市	25.1178315	121.5338781				
新光三越 台北天母店二館	4.1	1	百貨公司	台北市士林區忠誠路二段200號	25.117305	121.533775				
CALVIN KLEIN UNDERWEAR 新光三越台北天母店	5	2	百貨公司	台北市士林區誠路二段200號號 2 樓	25.1173977	121.5339334				
盧富美	0	0	百貨公司	台北市中山區雙城街10巷37號2樓	25.0642362	121.5232116				
Porter International 美麗華百樂園	4.4	33	百貨公司	台北市中山區敬業三路20號1F(漾館	25.0830577	121.5568015				
JUST BLOOM 南西誠品店	4.9	184	百貨公司	台北市中山區南京西路14號1 樓	25.0521315	121.520677				
新光三越 Diamond Towers	3.3	306	百貨公司	台北市大安區忠孝東路三段268號	25.0414181	121.5420318				
邵氏百貨商社。竣茂菖百貨號°	3	2	百貨公司	"台北市中正區台北市民大道ㄧ段100號°B1台北地下街服飾二區140號°（y8,y10）中間店家°"	25.0486675	121.516062				
桑原精品百貨	5	1	百貨公司	台北市中正區寧波西街15號	25.0313642	121.5184808				
新光三越 台北南西店一館	4.1	19	百貨公司	台北市中山區南京西路12號	25.0523201	121.5210989				
鼎隆百貨	4.2	99	百貨公司	台北市中正區武昌街一段42號	25.0439671	121.5117525				
Jstar璽星珠寶 新光三越南西店4F	4.2	5	百貨公司	台北市中山區南京西路12號	25.0520855	121.5211034				
The Young Plaza	0	0	百貨公司	台北市中正區忠孝西路一段50號	25.0462219	121.51583				
錦秀精品百貨	0	0	百貨公司	台北市中正區連雲街85號	25.034135	121.530169				
司席世紀有限公司	0	0	百貨公司	台北市中正區忠孝西路一段33號7樓	25.046124	121.5187582				
EVEREST LOTUS TRADING CO LTD	0	0	百貨公司	台北市中正區和平西路二段13號	25.0282457	121.5140054				
香港商席伊麗亞洲有限公司臺灣分公司	0	0	百貨公司	台北市中正區仁愛路一段45號1樓	25.0387817	121.5240645				
良華行百貨(日本生活用品進口百貨)	3.7	22	百貨公司	台北市中正區重慶南路一段88號1樓	25.043012	121.5130316				
城中地下商場	0	0	百貨公司	台北市中正區漢口街一段80巷6弄1號B1	25.0447435	121.5121602				
ISPO+ outdoor－新光三越南西店一館8樓	4.4	8	百貨公司	台北市中山區南京西路12號	25.05196	121.5211207				
Mondaine 瑞士國鐵 (新光三越南西本館)	0	0	百貨公司	台北市中山區南京西路12號5 樓	25.0523038	121.5211048				
台北車站K區地下街	4.2	1	百貨公司	台北市中正區忠孝西路一段47號B1	25.0476024	121.5162965				
BODYGREEN 三創生活園區門市	5	159	百貨公司	台北市中正區市民大道三段2號4F	25.0454246	121.5313973				
三商行股份有限公司	0	0	百貨公司	台北市 萬華區峨嵋街49號2樓	25.0436518	121.5067994				
Luminox 雷明時 (新光三越南西本館)	0	0	百貨公司	台北市中山區南京西路12號5 樓	25.0523038	121.5211048				
遠東百貨 台北寶慶店	3.9	4	百貨公司	台北市中正區寶慶路32號	25.0415609	121.5091182				
HABU童鞋 新光三越台北南西店6F	0	0	百貨公司	台北市中山區南京西路12號6樓	25.0523174	121.5213066				
阿原YUAN-台北微風車站	4.7	23	百貨公司	台北市北平西路3號一門1樓(東	25.047702	121.5173735				
嘉績百貨企業股份有限公司	0	0	百貨公司	台灣台北市 大安區忠孝東路四段45號7樓	25.04194	121.5449137				
三花SUN FLOWER 微風北車 襪 襪子 四角褲 男內衣	4.6	20	百貨公司	台北市中正區北平西路3號西一門2F(近	25.046849	121.5176077				
Kipling	5	1	百貨公司	台北市中正區忠孝西路一段66號3樓	25.0461278	121.515325				
bgreen就是綠 運動家具 新光三越台北南西一館門市	5	108	百貨公司	台北市中山區南京西路12號7F	25.05196	121.5211207				
蜂王世家古亭總店-素食保健食品推薦｜伴手禮專賣｜頂級純蜂蜜/蜂王乳/芝麻素/花粉/蜂蜜醋/枇杷喉糖/蜂膠牙膏	4.8	125	百貨公司	台北市中正區同安街25號	25.0259525	121.522643				
Nespresso 新光三越 台北南西店 專櫃	2.2	26	百貨公司	台北市中山區南京西路12號7樓	25.05224	121.520986				
晶巧水晶硨磲專櫃	5	9	百貨公司	台北市中正區忠孝西路一段66號5樓	25.0459824	121.5154463				
Marc Jacobs新光三越南西本館	5	29	百貨公司	台北市中山區南京西路12號號2樓	25.0523039	121.5211048				
誠品生活西門	4.2	15	百貨公司	台北市萬華區峨眉街52號	25.043599	121.5053553				
遠東百貨寶慶店-皇家竹炭	4.3	3	百貨公司	"樓, No. 32號寶慶路中正區台北市100"	25.0415964	121.5090779				
微風廣場實業股份有限公司	4.4	76	百貨公司	台北市松山區復興南路一段39號	25.0460629	121.5441717				
新光三越 台北南西店三館	4.1	3	百貨公司	台北市中山區南京西路15號	25.0527564	121.5206878				
獅子林商業大樓	3.6	3	百貨公司	台北市萬華區西寧南路36號	25.045141	121.5064465				
Porter International 新光三越台北南西店_三館	4.6	58	百貨公司	台北市中山區南京西路15號2F	25.0527485	121.5206836				
統領百貨股份有限公司	3.9	100	百貨公司	台北市大安區忠孝東路四段201號	25.0418701	121.5515823				
Au.Dot	4.5	2	百貨公司	台北市中正區重慶南路二段51號	25.031284	121.5148909				
SWG京站門市	2.6	5	百貨公司	台北市大同區承德路一段1號3樓	25.049308	121.5171935				
瀚星百貨 edoraPARK	4	3	百貨公司	台北市文山區景興路188號	24.9923	121.543815				
Phiten銀谷專櫃 南西新光三越一館	3.7	3	百貨公司	台北市中山區南京西路一段12號8樓	25.0520849	121.5211282				
統一時代百貨 台北店	4.3	5	百貨公司	台北市信義區忠孝東路五段8號	25.0408461	121.5653962				
喬大百貨	4.3	78	百貨公司	台北市大同區重慶北路一段19號	25.050339	121.513673				
新光三越 台北站前店	4	17	百貨公司	台北市中正區忠孝西路一段66號	25.0459441	121.5153112				
YSL 新光三越站前店	3.8	11	百貨公司	台北市中正區忠孝西路一段66號	25.045919	121.5152641				
名人品味國際有限公司	0	0	百貨公司	台灣台北市 大同區涼州街41號1樓	25.0606886	121.5097677				
微風A1機場捷運站	5	1	百貨公司	台北市中正區鄭州路8號	25.0486743	121.5142391				
City Diamond 引雅珠寶 (台北寶慶遠東百貨)	5	1	百貨公司	台北市中正區寶慶路32號4F	25.0414776	121.5089709				
皇家竹炭-新光三越台北站前店9F	4.5	2	百貨公司	台北市中正區忠孝西路一段66號	25.0459441	121.5153112				
寶麗廣場	4.3	8	百貨公司	台北市信義區松仁路28號	25.0397075	121.5678251				
遠東百貨 信義A13	4.2	10	百貨公司	台北市信義區松仁路58號	25.0367511	121.5679552				
JUST BLOOM 新光三越站前店	5	109	百貨公司	台北市中正區忠孝西路一段66號2樓	25.0460968	121.5153037				
City Diamond 引雅珠寶 (台北站前新光三越百貨)	4.7	16	百貨公司	台北市中正區忠孝西路一段66號4F	25.0459441	121.5153112				
jstar璽星珠寶 新光三越台北前站店 5F	4	4	百貨公司	台北市中正區忠孝西路一段66號5F	25.0459441	121.5153112				
HABU童鞋新光三越站前店8F	0	0	百貨公司	台北市中正區忠孝西路一段66號8樓	25.0461278	121.515325				
新光三越台北站前店-台灣櫻花Electrolux伊萊克斯	4.7	15	百貨公司	台北市中正區忠孝西路一段66號9樓	25.0461224	121.515271				
Roots 台北信義遠百A13	5	1	百貨公司	台北市信義區松仁路58號號 B2	25.0368519	121.5677823				
Fotex芙特斯防?寢具專櫃-新光三越台北站前店(9F)	4.5	11	百貨公司	台北市中正區忠孝西路一段66號9樓	25.0459441	121.5153112				
德國施巴_新光三越5樓站前店	5	3	百貨公司	台北市中正區忠孝西路一段66號9樓	25.0460946	121.515264				
ACE Bags & Luggage新光三越台北站前	0	0	百貨公司	台北市中正區忠孝西路一段66號新光三越 台北站前店7樓	25.0459441	121.5153112				
新光三越 台北信義新天地A8	4.3	11	百貨公司	台北市信義區松高路12號	25.0382241	121.5667909				
台灣歐舒丹股份有限公司	0	0	百貨公司	台灣台北市 信義區松高路19號	25.0396922	121.5664837				
品木宣言 新光三越信義新天地A8館	2.2	26	百貨公司	台北市信義區松高路12號	25.0385424	121.5668926				
Vince Camuto 遠百信義A13	5	1	百貨公司	台北市信義區松仁路58號	25.0368737	121.5679503				
GRATiAE 統一時代店	0	0	百貨公司	台北市信義區忠孝東路五段8號	25.040856	121.5653757				
Diffa 新光三越信義新天地A8館B1	0	0	百貨公司	台北市信義區松高路12號	25.0382241	121.5667909				
銀穗en-suey新光三越信義A8館2樓	0	0	百貨公司	台北市信義區松高路12號	25.0382241	121.5667909				
A19	4.9	22	百貨公司	台北市信義區松壽路22號	25.0353821	121.5679503				
taiwango	0	0	百貨公司	台北市信義區基隆路一段97號4樓	25.045484	121.5673779				
ATT 4 FUN 信義店	4.2	25	百貨公司	台北市信義區松壽路12號	25.0353558	121.5659995				
DollBao逗寶百貨專櫃－新光三越台北信義A8	4.7	83	百貨公司	台北市信義區松高路12號4樓	25.0388349	121.5668013				
誠品生活松菸	4.4	16	百貨公司	台北市信義區菸廠路88號	25.044545	121.5614574				
施巴sebamed 新光三越 台北信義新天地A8館	5	3	百貨公司	台北市信義區松高路12號6樓	25.0387919	121.5667358				
米達人壽司 統一時代門市＿B2	4.2	2	百貨公司	台北市信義區忠孝東路五段8號	25.0406227	121.5654586				
O'right 歐萊德- 台北新光三越信義A8體驗館	5	119	百貨公司	台北市信義區松高路12號6樓	25.0387489	121.5666702				
久保泰有限公司	0	0	百貨公司	台灣台北市 信義區松高路12號7樓	25.0387489	121.5666702				
法雅客股份有限公司	5	2	百貨公司	台北市信義區松高路12號5樓	25.0387501	121.566736				
Dyson Demo Store 新光A11旗艦概念店	2.9	19	百貨公司	台北市信義區松壽路11號1樓	25.036621	121.567258				
A11 5F Havaianas	0	0	百貨公司	台北市信義區松壽路11號5樓	25.0360485	121.5672359				
"新光三越信義A8店-台灣櫻花進口家電(Electrolux伊萊克斯,SVAGO)"	4.9	34	百貨公司	台北市信義區松高路12號7樓	25.0387489	121.5666702				
Anomi_e Eslite Xinyi	4.5	2	百貨公司	台北市信義區松高路11號2樓	25.0397197	121.5658739				
NESPRESSO 新光三越台北信義新天地A8店	2.6	21	百貨公司	台北市信義區松高路12號7樓	25.038831	121.566806				
O'right 歐萊德-台北統一時代體驗店	5	224	百貨公司	台北市信義區忠孝東路五段8號1F	25.0406227	121.5654586				
CITYLINK松山壹號店	4.2	4	百貨公司	台北市信義區松山路11號	25.0492016	121.5783212				
Kipling 新光三越 信義店 A8 B1F	4.5	2	百貨公司	台北市信義區松高路12號B1F	25.0382048	121.5668362				
GOLDEN GOOSE 微風南山店	2.6	17	百貨公司	台北市信義區松智路17號1樓	25.0343073	121.5659555				
be;eza 新光三越 A8館	4	1	百貨公司	台北市信義區松高路12號B1F	25.0382241	121.5667909				
Kipling	5	4	百貨公司	台北市信義區松壽路11號號 B1	25.036619	121.567257				
adidas kids信義A8 5樓	3.7	3	百貨公司	台北市信義區松高路12號號 5 樓	25.0383426	121.5666245				
鋒恩香水-統一時代台北店	5	8	百貨公司	台北市信義區忠孝東路五段8號	25.0406227	121.5654586				
香港商慶云恩有限公司台灣分公司	0	0	百貨公司	台北市信義區松仁路28號3號樓301室	25.0397286	121.5678265				
今生金飾 台北統一時代專櫃	4.4	16	百貨公司	台北市信義區忠孝東路五段8號2樓	25.0406227	121.5654586				
新光A9 三宅一生	3	1	百貨公司	台北市信義區松壽路9號號 地下 2 樓	25.0363728	121.5666991				
LINDARICO-新光三越A4館	0	0	百貨公司	台北市信義區松高路19號3F	25.0395558	121.5666691				
菲拉格慕 微風信義店	5	1	百貨公司	台北市信義區忠孝東路五段68號一樓	25.040512	121.567154				
BeyondSenses	0	0	百貨公司	台北市信義區松仁路58號	25.0368737	121.5679503				
新光三越 台北信義新天地A4	4.2	5	百貨公司	台北市信義區松高路19號Ｂ２	25.0396922	121.5664837				
好好集good goods (新光三越台北信義新天地A4)	3.2	5	百貨公司	台北市信義區松高路19號B2	25.039694	121.5666299				
secret castle秘密城堡 台北店	4	4	百貨公司	"樓, No. 8號忠孝東路五段信義區台北市110402"	25.0406724	121.5654776				
久優國際家居 台北微風松高Breeze-居家精品館	5	20	百貨公司	"號 B1, No. 16松高路信義區台北市110062"	25.0385409	121.5673332				
TENDAYS 新光三越信義A8館	0	0	百貨公司	"台北市信義區松高路6號, 6"	25.038664	121.566793				
Scenter 開薰香氛	4.7	13	百貨公司	台北市信義區松壽路12號3樓	25.03531	121.5660665				
新光三越 台北信義新天地A11	4.3	26	百貨公司	台北市信義區松壽路11號	25.0365955	121.5673381				
Y-3 信義A13遠百	4.1	13	百貨公司	台北市信義區松仁路58號2樓	25.0367849	121.5679566				
xarelife	0	0	百貨公司	"B1, No宏泰交易廣場No. 89松仁路信義區台北市110"	25.037158	121.5691643				
NESPRESSO 新光三越台北信義新天地A11新概念精品店	4.5	986	百貨公司	台北市信義區松壽路11號	25.0367103	121.5672369				
O'right 歐萊德-台北新光三越信義A11體驗館	5	134	百貨公司	台北市信義區松壽路11號 B1F	25.0365446	121.5672369				
草莓屋 各國代購 團購 批發 零售	4	2	百貨公司	台北市信義區永吉路349號1樓	25.045642	121.576304				
Norns信義誠品專櫃門市	5	215	百貨公司	台北市信義區松高路11號4F	25.0397197	121.5658739				
松宜國際有限公司	0	0	百貨公司	台灣台北市 信義區松高路12號	25.0387489	121.5666702				
Noodle & Boo 誠品信義旗艦店	5	2	百貨公司	台北市信義區松高路11號	25.0397197	121.5658739				
DREAM PLAZA (即將開幕)	0	0	百貨公司	台北市信義區松高路11號	25.0395139	121.5657033				
Porter International 新光三越台北信義新天地_A11	4.7	112	百貨公司	台北市信義區松壽路11號3F	25.0367103	121.5672369				
O'right 歐萊德-台北信義誠品體驗館	5	101	百貨公司	"F, No. 11號松高路信義區台北市110"	25.0397197	121.5658739				
普羅旺斯實業股份有限公司	0	0	百貨公司	台灣台北市 信義區忠孝東路五段297號	25.0411201	121.5731869				
O'right 歐萊德-台北忠孝Sogo體驗館	4.9	86	百貨公司	"樓, No. 45號忠孝東路四段大安區台北市106"	25.0419311	121.5446558				
好式浪漫	0	0	百貨公司	台北市信義區松壽路9號4樓	25.0366706	121.5667018				
CITYLINK 內湖店	4	2	百貨公司	台北市內湖區成功路四段188號	25.0841921	121.5942243				
總站國際開發有限公司	0	0	百貨公司	台北市內湖區金湖路360號7樓	25.0737168	121.6041688				
GO購 文具生活百貨	4.4	31	百貨公司	台北市內湖區成功路三段80號	25.0784274	121.5894702				
美安SHOP.COM經銷商 內湖	0	0	百貨公司	台北市內湖區內湖路一段409號7樓	25.081778	121.570804				
旺喜達有限公司	0	0	百貨公司	台北市內湖區行忠路30號7樓	25.0652216	121.5776482				
微風三總商店街	3.9	993	百貨公司	台北市內湖區成功路二段325號B1	25.0718994	121.5932928				
旺旺精品百貨 (內湖店)	4.1	248	百貨公司	台北市內湖區內湖路一段737巷51弄2號	25.0804417	121.5792318				
吉優特國際股份有限公司	4.5	2	百貨公司	台北市內湖區瑞光路358巷32號	25.0765971	121.5721521				
哈拉生活有限公司	3.7	12	百貨公司	台灣內湖區康寧路三段72號	25.069948	121.6112415				
三樂雨傘	0	0	百貨公司	台北市內湖區康寧路33巷1-3號	25.0807311	121.5916025				
傑晟科技有限公司	0	0	百貨公司	台北市內湖區民權東路六段123巷28號6樓	25.0701005	121.5927548				
美安SHOP.COM經銷商 南港	0	0	百貨公司	台北市內湖區民權東路六段94號11樓	25.0687621	121.5862749				
就愛新歡跳蚤市場	0	0	百貨公司	台北市內湖區康寧路一段190號	25.0786572	121.5949833				
台北設計建材中心Taipei Design Materials Center	4.8	2	百貨公司	台北市內湖區新湖一路185號	25.0596691	121.5784656				
LINDARICO 遠東SOGO台北敦化店	5	1	百貨公司	"台北市大安區敦化南路1段246號3樓, 4樓"	25.0400072	121.5481525				
三商行股份有限公司文林分公司	0	0	百貨公司	台灣台北市 北投區文林北路268號1樓	25.1092446	121.5132003				
好好集good goods (新光三越台北信義新天地A11)	0	0	百貨公司	台北市信義區松壽路11號B2	25.0365446	121.5672369				
新光三越 台北信義新天地A9	4.3	6	百貨公司	台北市信義區松壽路9號	25.0366706	121.5667018				
大葉高島屋 台北天母	4.2	14	百貨公司	台北市士林區忠誠路二段55號	25.1118417	121.5314443				
光榮百貨	1	1	百貨公司	台北市北投區新市街24巷	25.1323823	121.5027568				
美安SHOP.COM經銷商 北投裕民一路	0	0	百貨公司	台北市北投區裕民一路43號3樓	25.1166591	121.5177951				
冠樺生活股份有限公司	1	1	百貨公司	台灣台北市 南港區忠孝東路七段371號B1樓	25.0528955	121.6072597				
南港中信ADIDAS	5	2	百貨公司	台北市南港區經貿二路186-1號號1F	25.0584898	121.6149128				
美安SHOP.COM經銷商 南港南港路	0	0	百貨公司	台北市南港區南港路一段107號3樓	25.054982	121.614595				
南港車站A1棟	0	0	百貨公司	台北市南港區市民大道八段360號	25.0531542	121.6084246				
C1棟糧倉商場大樓	0	0	百貨公司	台北市南港區市民大道八段12號	25.0525222	121.6044557				
三花SUN FLOWER 南港Citylink 襪 襪子 四角褲 男內衣	4.8	5	百貨公司	台北市南港區忠孝東路七段369號4F	25.0525582	121.604518				
Norns南港CITYLINK專櫃門市	5	248	百貨公司	台北市南港區忠孝東路七段369號2F	25.0524417	121.6035521				
JEEP	3.5	6	百貨公司	台北市南港區忠孝東路七段369號	25.0525582	121.604518				
全聖五金水電材料行	4.4	39	百貨公司	台北市南港區南港路一段197號	25.0551209	121.6118796				
勝立生活百貨	4.2	2	百貨公司	台北市大安區復興南路二段291號	25.0249979	121.5436386				
景初有限公司	0	0	百貨公司	台北市大安區忠孝東路四段205巷26弄4號2樓	25.0432233	121.551738				
明曜百貨公司	4.1	9	百貨公司	台北市大安區忠孝東路四段200號	25.0410899	121.5521589				
凱蕾雲端百貨	4.7	3	百貨公司	台北市士林區中正路213巷7號	25.0951033	121.5266654				
威星國際有限公司	0	0	百貨公司	台灣台北市 士林區忠誠路二段55號3樓	25.1118264	121.5315215				
遠東SOGO 台北敦化館	4.1	4	百貨公司	台北市大安區敦化南路1段246號	25.0398775	121.5481954				
ACE Bags & Luggage台北忠孝SOGO店	0	0	百貨公司	台北市大安區忠孝東路四段45號SOGO忠孝館7樓	25.0421272	121.5449393				
台灣屈臣氏個人用品商店股份有限公司	1	1	百貨公司	台北市士林區大東路11號之7號	25.0870179	121.5252745				
Kipling	3	2	百貨公司	台北市士林區中山北路六段77號	25.1049953	121.5243331				
innisfree 遠東SOGO台北忠孝店	3.9	56	百貨公司	台北市大安區忠孝東路四段45號B1	25.0420339	121.5447843				
Kipling	0	0	百貨公司	台北市士林區忠誠路二段2號樓 200號	25.1171771	121.5339243				
LUCIANO MILANO新光三越信義A9館2F	4.7	13	百貨公司	台北市信義區松壽路9號2樓	25.0366706	121.5667018				
登旺MAWA衣架_忠孝SOGO百貨9F	5	1	百貨公司	台北市大安區忠孝東路四段45號9樓	25.0419205	121.5448836				
美樂家 士林健康生活館	4.2	301	百貨公司	台北市士林區承德路四段181號	25.0875741	121.5226682				
bgreen就是綠 運動家具 新光三越信義新天地A9門市	5	232	百貨公司	台北市信義區松壽路9號B1F	25.0363104	121.5668588				
大葉高島屋 OSIM專櫃	4.8	90	百貨公司	台北市士林區忠誠路二段55號5樓	25.111857	121.531367				
Kai Houeswares-SOGO 忠孝店	0	0	百貨公司	台北市大安區忠孝東路四段45號8樓	25.0421145	121.5448518				
金瑩珠寶天母店	5	294	百貨公司	台北市士林區天母東路68號1館3樓	25.1179352	121.5339268				
OSIM養身椅 信義 新光三越A9館B1樓	5	443	百貨公司	台北市信義區松壽路9號B1樓	25.0366554	121.5666946				
三花SUN FLOWER 大葉高島屋 襪 襪子 四角褲 男內衣	4.7	3	百貨公司	台北市士林區忠誠路二段55號3樓	25.1118264	121.5315215				
周振發百貨有限公司	5	4	百貨公司	台北市大同區民生西路328號	25.0568314	121.5112883				
Porter International 遠東SOGO台北忠孝館	4.6	51	百貨公司	台北市大安區忠孝東路四段45號6F	25.041872	121.544865				
忠孝SOGO 華歌爾內衣	4.9	137	百貨公司	台北市大安區忠孝東路四段45號5樓	25.0421044	121.5447584				
亞東百貨股份有限公司	2	1	百貨公司	台北市大安區敦化南路二段207號23樓	25.0260372	121.5496064				
jstar璽星珠寶 遠東SOGO百貨台北忠孝館	4.9	48	百貨公司	台北市大安區忠孝東路四段45號4樓	25.041758	121.544838				
TPESOGO	0	0	百貨公司	台北市大安區忠孝東路四段45號1樓	25.042038	121.5446724				
Vieso士林門市	5	250	百貨公司	台北市士林區大東路18-2號	25.08842	121.525168				
中安生活精品百貨 (上鼎商行)	3.5	2	百貨公司	台北市大同區重慶北路一段26巷62號	25.0510708	121.5124257				
黃新興百貨有限公司	4.4	10	百貨公司	台灣大同區太原路34號	25.0501412	121.5150556				
香港商訂造皇有限公司台灣分公司	0	0	百貨公司	台灣台北市 大同區承德路三段58號9樓之4	25.0652336	121.5181066				
美安SHOP.COM經銷商 延平北路	0	0	百貨公司	台北市大同區延平北路三段22之4號4樓	25.0640847	121.5110429				
資生堂國際櫃 京站時尚廣場	3.9	8	百貨公司	台北市大同區承德路一段1號	25.0492065	121.5180988				
The Peace Piece	0	0	百貨公司	台北市大同區承德路一段1號B2	25.049308	121.5171935				
華藏有限公司	0	0	百貨公司	台灣台北市 大同區重慶北路三段75號6樓	25.0665561	121.5138869				
華歌爾 京站時尚廣場	4.8	47	百貨公司	台北市大同區承德路一段1號2樓	25.049292	121.5173943				
晨果國際有限公司	0	0	百貨公司	台北市大同區鄭州路29巷2-2號	25.0497041	121.5142043				
精明買	0	0	百貨公司	台北市大同區重慶北路一段22號2號樓之3	25.0505502	121.5134548				
品木宣言 京站時尚廣場B1 Q小路	4.1	21	百貨公司	台北市大同區承德路一段1號	25.0493012	121.5171717				
莎薇&莎露 京站時尚廣場	5	71	百貨公司	台北市大同區承德路一段1號2樓	25.0493284	121.5173574				
大億毛巾企業有限公司	3.9	52	百貨公司	台北市大同區太原路39號	25.050642	121.515385				
O'right 歐萊德-台北京站體驗館	5	103	百貨公司	台北市大同區承德路一段1號b1	25.0494144	121.5172337				
ACE Bags & Luggage台北南西本館店	0	0	百貨公司	台北市中山區南京西路12號新光三越台北南西店一館8樓	25.05196	121.5211207				
Porter International 京站時尚購物廣場	4.4	56	百貨公司	"號 b2, No. 1承德路一段大同區台北市103"	25.049308	121.5171935				
Kipling	0	0	百貨公司	"號 b2, No. 1承德路一段大同區台北市103"	25.0493239	121.5172357				
三花SUN FLOWER 京站B2(1號&2號電梯旁) 襪 襪子 四角褲 男內衣	5	7	百貨公司	"號 b2, No. 1承德路一段大同區台北市103"	25.049308	121.5171935				
捷運圓山站西側地區都市更新案	0	0	百貨公司	台北市大同區庫倫街50號	25.0717662	121.519033				
欣加實業有限公司(欣加衛浴)《衛浴設備》大同區馬桶推薦｜免治馬桶｜洗臉盆專賣｜浴室配件｜TOTO INAX｜HANGROHE GROHE｜KOHLER	4.7	13	百貨公司	台北市大同區重慶北路三段219號1F	25.0703893	121.5139858				
Norns京站專櫃門市	5	600	百貨公司	台北市大同區承德路一段1號B1F	25.0492576	121.5171959				
朝代百貨	3.7	53	百貨公司	台北市萬華區廣州街192號	25.0366165	121.4984066				
Norns忠孝SOGO專櫃門市	5	314	百貨公司	台北市大安區忠孝東路四段45號10樓	25.0419205	121.5448835				
HUNTER京站	4.6	12	百貨公司	台北市大同區承德路一段1號	25.0482699	121.5172571				
德德小品集 (工作室 不對外開放) 生活百貨 文創首屈一指品牌	4.6	19	百貨公司	台北市大安區忠孝東路四段174號	25.0412746	121.5511614				
Porter International 新光三越台北信義新天地_A9	4.8	21	百貨公司	台北市信義區松壽路9號號 B1	25.0365421	121.5667804				
天美皮件有限公司	4.5	114	百貨公司	台北市大同區太原路46-2號1樓	25.0506288	121.515172				
三花SUN FLOWER 忠孝SOGO 襪 襪子 四角褲 男內衣	4.3	7	百貨公司	台北市大安區忠孝東路四段45號10樓	25.0418698	121.5446329				
ＦＲＥＥＲ僑蒂絲新光三越信義Ａ８館	0	0	百貨公司	台灣台北市 信義區松高路12號5樓	25.0387489	121.5666702				
胖胖豬-PANPANJU 台北轉運店/肉鬆、肉乾、堅果、肉鬆蛋黃酥伴手禮專賣店	4.9	570	百貨公司	台北市大同區市民大道一段1號京站時尚廣場4樓	25.0485196	121.5187724				
好鄰居生活百貨 安居樂業店	4.4	91	百貨公司	台北市大安區樂業街145號	25.0197491	121.5534696				
艾美迪雅股份有限公司東區直營門市	0	0	百貨公司	台北市大安區大安路一段77號B1樓	25.0419631	121.5463538				
美安電商加盟輔導處 大安高工	5	1	百貨公司	台北市大安區復興南路二段86號2號樓之2	25.030611	121.5432586				
遠東SOGO 台北忠孝館	4.2	18	百貨公司	台北市大安區忠孝東路四段45號	25.0421272	121.5449393				
統領廣場	3.9	2	百貨公司	台北市大安區忠孝東路四段201號	25.0417969	121.5515068				
墨癮國際股份有限公司	0	0	百貨公司	台灣台北市 大安區信義路四段151號3樓	25.0334652	121.5500975				
闔樂泰 遠東SOGO百貨忠孝店 8F	0	0	百貨公司	台北市大安區忠孝東路四段45號	25.0421272	121.5449393				
銀穗en-suey明曜百貨	0	0	百貨公司	台北市大安區忠孝東路四段200號	25.0412324	121.5520137				
M•A•C 遠東SOGO台北忠孝店	2.9	65	百貨公司	台北市大安區忠孝東路四段45號	25.0419311	121.5446558				
銓映國際生技股份有限公司	0	0	百貨公司	台灣台北市 大安區仁愛路四段398號14樓	25.037325	121.556736				
台灣愛美得股份有限公司	0	0	百貨公司	台灣台北市 大安區忠孝東路三段136號11樓110室	25.0414637	121.5376662				
彩虹 襪子 生活百貨	2.8	17	百貨公司	台北市大安區永康街4巷2號	25.032871	121.529707				
皇家竹炭-SOGO忠孝館9F專櫃	0	0	百貨公司	台北市大安區忠孝東路四段45號	25.04194	121.5449137				
KOCO BOX	1	1	百貨公司	台北市大安區泰順街54巷17號	25.0229344	121.5299355				
Kipling	5	1	百貨公司	台北市大安區忠孝東路三段300號6樓	25.0411148	121.5431662				
ACE Bags & Luggage SOGO台北復興店	0	0	百貨公司	台北市大安區忠孝東路三段300號7樓	25.0408932	121.5432417				
治遠貿易有限公司	0	0	百貨公司	台北市信義區光復南路417-5號	25.0367584	121.5579488				
遠東SOGO 台北復興館	4.2	18	百貨公司	台北市大安區忠孝東路三段300號	25.0411353	121.542942				
正官庄- SOGO天母店	5	2	百貨公司	台北市士林區中山北路六段77號B1F	25.1050143	121.523966				
悠遊食代-東區UrStyle-East Metro Mall	4.5	2	百貨公司	台北市大安區大安路一段77號B1	25.0416867	121.5497964				
艾蜜兒幸福採購（大安）	0	0	百貨公司	台北市大安區信義路四段30巷7弄5號	25.0328643	121.5450405				
頂好名店城	3.7	2	百貨公司	台北市大安區忠孝東路四段97號	25.0418395	121.5478682				
adidas kids天母Sogo	5	1	百貨公司	台北市士林區中山北路六段77號7樓	25.1051833	121.5245452				
LINDARICO-SOGO天母館	0	0	百貨公司	台北市士林區中山北路六段77號3F	25.1048258	121.5240357				
Jstar璽星珠寶 遠東SOGO台北天母店	4.6	13	百貨公司	台北市士林區中山北路六段77號3F	25.10474	121.5244199				
三花SUN FLOWER 遠企購物中心 襪 襪子 四角褲 男內衣	5	13	百貨公司	台北市大安區敦化南路二段203號	25.0263019	121.5493621				
和樂色彩有限公司	0	0	百貨公司	台灣台北市 大安區復興南路一段135巷9號10樓	25.0427452	121.5448337				
億萬里股份有限公司	4.4	30	百貨公司	台北市萬華區廣州街146號	25.0365818	121.5007016				
JO MALONE LONDON 遠東SOGO台北天母店	5	19	百貨公司	台北市士林區中山北路六段77號1樓	25.105306	121.5245943				
遠東SOGO 台北天母店	4.2	9	百貨公司	台北市士林區中山北路六段77號	25.1049605	121.5242388				
來欣百貨廣場	2.5	4	百貨公司	台北市文山區羅斯福路六段403號	24.9919366	121.5406403				
富生生活事業有限公司	0	0	百貨公司	"台北市文山區萬和街8號11號, Wanfang Building, 樓之2"	25.0019967	121.5675869				
益來成實業有限公司	4.5	4	百貨公司	新北市深坑區北深路三段266號1樓	25.0047886	121.5990085				
嘉聿護曉（佳宇）批發百貨	0	0	百貨公司	台北市文山區溪洲街67號B1	25.0052786	121.5348818				
來來百貨	0	0	百貨公司	台北市松山區敦化北路155巷87號	25.054091	121.5513874				
盈荷物業有限公司	0	0	百貨公司	台灣台北市 松山區復興北路201號10樓	25.0557591	121.544358				
文華精品	4.3	34	百貨公司	台北市松山區敦化北路166號	25.0556369	121.5484673				
觀心生活股份有限公司	0	0	百貨公司	台北市松山區南京東路五段99號3樓	25.0516836	121.560476				
MIIR 台北｜ 微風廣場	5	1	百貨公司	台北市松山區復興南路一段39號G樓	25.0460665	121.5446245				
Jo Model 台北松菸誠品專賣店	0	0	百貨公司	台北市松山區菸廠路88號松菸誠品生活1F	25.0445608	121.5613507				
好鄰居生活百貨	4.2	161	百貨公司	台北市松山區延吉街9-2號	25.0468293	121.5535617				
Anselfox	0	0	百貨公司	台北市松山區1-1	25.0546836	121.5627054				
盈孜襪品百貨民生店	4.4	23	百貨公司	台北市松山區民生東路四段94號	25.0579551	121.5536729				
無印良品 微風門市	4.2	402	百貨公司	台北市松山區復興南路一段39號3樓	25.046022	121.5441453				
Berndes	0	0	百貨公司	berndes123.com	23.4857501	119.49965				
永久蘆薈台北總公司	4.9	76	百貨公司	台北市中山區南京東路三段130號5樓	25.0517006	121.5408198				
Vieso中山門市	4.9	2	百貨公司	台北市中山區南京西路23巷1-3號號1樓	25.053343	121.520642				
Mondaine 瑞士國鐵 (新光三越A8)	0	0	百貨公司	"樓, No. 12號松高路信義區台北市110"	25.0387489	121.5666702				
小禮堂卡通商品專賣 (網購/批發/不開放門市零售)	4.2	157	百貨公司	台北市中山區南京東路三段210號B1	25.0517757	121.5432562				
Luminox雷明時 (新光三越A8)	5	1	百貨公司	"樓, No. 12號松高路信義區台北市110"	25.0387489	121.5666702				
景忠實業	4.8	10	百貨公司	台北市中山區民族東路512巷34號1樓	25.066548	121.5419064				
風雅時尚有限公司	0	0	百貨公司	台北市中山區民權東路三段37號12樓	25.0625914	121.5423132				
三花SUN FLOWER ATT Recharge 襪 襪子 四角褲 男內衣	5	1	百貨公司	台北市中山區敬業三路123號1F	25.0810846	121.5554643				
TONGER彤格國際	0	0	百貨公司	台北市信義區松山路453號	25.039836	121.5780409				
新光三越台北南西店-台灣櫻花Electrolux伊萊克斯	5	26	百貨公司	"樓, No. 12號南京西路中山區台北市10491"	25.0523038	121.5211048				
品木宣言 新光三越忠孝站前店	5	20	百貨公司	"樓, No. 66號忠孝西路一段中正區台北市100"	25.0461278	121.515325				
周錦香 香老舖	4.1	76	百貨公司	台北市內湖區內湖路二段64號	25.0790044	121.5807139				
Norns松菸誠品專櫃門市	5	167	百貨公司	"f, No. 88號菸廠路信義區台北市110"	25.0446181	121.5607989				
THURS 台北店（Lewis Leathers 台北）	4.7	140	百貨公司	台北市大安區忠孝東路四段181巷35弄1號	25.0440947	121.5509208				
JNBY x LESS x 速寫 遠企櫃點	5	1	百貨公司	台北市大安區敦化南路二段203號	25.0263019	121.5493621				
鋒恩香水-忠孝sogo店	4.9	16	百貨公司	"f, No. 45號忠孝東路四段大安區台北市106"	25.0418698	121.5446329				
三花生活館 和平店 襪 襪子 四角褲 男內衣（國旅卡）	3.4	8	百貨公司	台北市大安區和平東路三段70號	25.0243228	121.5504592				
BRAND OFF 台北本店	3.3	24	百貨公司	台北市大安區復興南路一段148號	25.0424426	121.543552				
典精品名店	3.3	3	百貨公司	台北市大安區敦化南路一段190巷29號	25.0427938	121.5474623				
airweave 愛維福 (忠孝SOGO台北專櫃)	5	1	百貨公司	"F, No. 45號忠孝東路四段大安區台北市106"	25.0418698	121.5446329				
萬華企業股份有限公司	5	1	百貨公司	台北市萬華區峨眉街52號	25.0437579	121.5053916				
Porter International 武昌誠品	4.8	32	百貨公司	台北市萬華區武昌街二段77號 1樓	25.0451617	121.5055717				
龍山商場	3.8	287	百貨公司	台北市萬華區和平西路三段120號	25.0349881	121.4998885				
MOMO百貨	3.9	38	百貨公司	台北市松山區敦化北路	25.0519796	121.5481504				
林花毛巾百貨行	4.1	70	百貨公司	台北市萬華區萬大路188號1樓	25.0277165	121.5003555				
美安SHOP.COM經銷商 西寧南路	0	0	百貨公司	台北市萬華區西寧南路48-3號2樓	25.044426	121.506284				
嘉莉有限公司	0	0	百貨公司	台灣台北市 萬華區西寧南路70號3樓之25	25.043508	121.505886				
秋信百貨行	4.3	6	百貨公司	台北市萬華區長沙街二段177號	25.0407486	121.5015131				
大川牛仔	0	0	百貨公司	台北市萬華區西寧南路70號三樓之25	25.0435745	121.5057826				
購好買 - 西園店	5	2	百貨公司	台北市萬華區西園路二段261巷29號一樓	25.0251005	121.4933739				
鞋霸精品名店	3	1	百貨公司	台北市萬華區西寧南路70號2號樓之3	25.0434566	121.5060413				
西門新宿	3.8	1	百貨公司	台北市萬華區西寧南路72號之1	25.0431162	121.505782				
金川鞋店	4	1	百貨公司	台北市萬華區西寧南路70號3樓之9	25.043508	121.505886				
三花SUN FLOWER誠品武昌 襪 襪子 四角褲 男內衣	0	0	百貨公司	台北市萬華區武昌街二段77號2F	25.0451617	121.5055717				
Guy-Shop	4.8	188	百貨公司	台北市萬華區內江路51號號地下室	25.0417912	121.5053051				
成芳商店	0	0	百貨公司	新北市三峽區成福路276號	24.9234064	121.4281675				
台灣屈臣氏個人用品商店股份有限公司	5	1	百貨公司	"台灣省新北市 三峽區大學路150號之2, 1樓"	24.9445632	121.3743822				
緯昇五金	3.9	40	百貨公司	新北市三峽區光明路69巷1號	24.9287377	121.3757771				
雅品企業有限公司	5	1	百貨公司	新北市樹林區學成路591號	24.9462016	121.3808578				
跳蚤本舖 三峽大同舖	3.7	144	百貨公司	新北市三峽區大同路77號	24.9272405	121.3751365				
鶯歌光點美學館	4.3	1	百貨公司	新北市鶯歌區陶瓷街18號	24.951662	121.3486404				
金興發生活百貨(總公司)	3.7	7	百貨公司	新北市中和區橋和路17號16樓	25.0054113	121.4889643				
環球購物中心股份有限公司	4.5	37	百貨公司	臺灣省新北市 中和區中山路三段122號2樓	25.0066732	121.4747785				
板橋大遠百	4.3	5	百貨公司	新北市板橋區新站路28號	25.0140651	121.4673332				
川郡科技有限公司	0	0	百貨公司	台灣新北市 永和區中正路527號5樓之6	25.0077288	121.5168007				
遠東百貨 板橋中山店	4	12	百貨公司	新北市板橋區中山路一段152號	25.0109757	121.4644519				
玉隆百貨有限公司	0	0	百貨公司	新北市永和區林森路48巷3號1樓	25.0047078	121.5245283				
欣潮百貨行	5	12	百貨公司	新北市中和區信義街42號	24.9888763	121.5111781				
青菜都夾的到	4.8	4	百貨公司	新北市三峽區大同路88巷1號	24.9277646	121.3756502				
大都會廣場	3.9	4	百貨公司	新北市淡水區中山路8號	25.1691036	121.4449511				
新遠芳百貨	4.4	29	百貨公司	新北市三重區三民街94號1樓	25.0630967	121.4853392				
榮?百貨行	4.8	4	百貨公司	新北市三重區長壽街1-13號	25.0676696	121.4987826				
精宸國際有限公司	0	0	百貨公司	新北市三重區集賢路30號1樓	25.0877812	121.4940587				
哈力商行	5	1	百貨公司	台灣新北市 三重區重新路五段609巷16號2樓之14	25.046814	121.468168				
J-MART 佳瑪 三重店	4.1	1	百貨公司	新北市三重區自強路一段73號	25.0669314	121.497047				
BODYGREEN 家樂福蘆洲門市	5	15	百貨公司	新北市三重區五華街282號	25.0879589	121.4864991				
Love愛買	0	0	百貨公司	新北市三重區重陽路三段9號	25.0664609	121.4893621				
統頂有限公司	0	0	百貨公司	"號3樓, No. 130號長壽西街三重區新北市241"	25.0668793	121.4951083				
美安SHOP.COM經銷商 新莊思源路	0	0	百貨公司	新北市新莊區思源路351號4樓	25.050463	121.459547				
巧崴五金行	3.1	11	百貨公司	新北市三重區集成路14號	25.052136	121.488461				
宏匯廣場	4.1	16	百貨公司	新北市新莊區新北大道四段3號	25.0596333	121.4495139				
佳瑪 蘆洲店	4.2	3	百貨公司	新北市蘆洲區長榮路8號	25.0820438	121.4641337				
廣達欣有限公司	0	0	百貨公司	台灣新北市 中和區中正路780號	25.0006095	121.4853825				
天之娟有限公司	0	0	百貨公司	新北市中和區安邦街33號1樓	24.9978719	121.4963096				
台灣咕魯購股份有限公司	0	0	百貨公司	新北市中和區中和區連城路389巷4號1樓	24.9958563	121.4864399				
生活好市吉-五股店	5	1	百貨公司	新北市五股區新五路二段69號-8號	25.0735566	121.4364939				
億萬里五金百貨五股店	4.2	609	百貨公司	新北市五股區五工六路13號	25.0619759	121.4501293				
寶雅國際股份有限公司五股工商店傳真	5	2	百貨公司	台灣省新北市 五股區工商路90號1樓	25.0853325	121.4379012				
有妮斯道具	3.7	3	百貨公司	新北市五股區天乙路101號	25.1093034	121.4456062				
久久生活館(五工店)	4.7	11	百貨公司	新北市新莊區五工三路94巷3號	25.0658715	121.4581875				
s1	0	0	百貨公司	新北市新莊區新北大道四段三號	25.0578629	121.4444583				
台灣屈臣氏個人用品商店股份有限公司	0	0	百貨公司	新北市新莊區五權一路48號1樓	25.0657108	121.4578616				
美安SHOP.COM經銷商 八里	0	0	百貨公司	新北市八里區中山路二段365號11樓	25.147029	121.3987997				
禮萊廣場	4.1	446	百貨公司	新北市淡水區中正路一段2號	25.1758175	121.4285907				
兆昕時尚精品有限公司	0	0	百貨公司	台灣省新北市 土城區中央路二段189巷10號	24.9755665	121.4425722				
大西洋國際企業有限公司	0	0	百貨公司	"台灣省新北市 土城區和平路4號之3, 1樓"	24.974643	121.4425413				
麗寶百貨廣場	3.9	5	百貨公司	新北市板橋區縣民大道二段3號	25.0123893	121.4618696				
聯昇鑫企業有限公司	3.5	2	百貨公司	台北市信義區吳興街40號	25.0312474	121.5599408				
Diffa 誠品生活 裕隆城店1F	3	3	百貨公司	新北市新店區中興路三段70號1 樓	24.978061	121.546478				
J-MART佳瑪	4.1	3	百貨公司	新北市新店區建國路268號	24.9832192	121.5377541				
Der Z?MAR 新店門市	5	1	百貨公司	新北市新店區中興路三段70號1F	24.9779832	121.5465116				
LUCIANO MILANO誠品生活新店1F	5	1	百貨公司	新北市新店區中興路三段70號1F	24.9779832	121.5465116				
威瑪百貨股份有限公司	4.3	12	百貨公司	新北市新莊區幸福路763號	25.0488499	121.447869				
鴻金寶麻吉廣場	4	801	百貨公司	新北市新莊區民安路188巷5號	25.0230867	121.4248024				
美利國際事業股份有限公司	0	0	百貨公司	新北市新莊區新北大道二段217號7樓	25.0606504	121.4627868				
金義發行	0	0	百貨公司	新北市新莊區新莊路419號	25.0333805	121.4506648				
亞聚企業有限公司	5	1	百貨公司	新北市 新莊區中正路911號1樓	25.0212317	121.4110174				
宏祥禮品	0	0	百貨公司	新北市新莊區福營路125巷17號	25.0310488	121.4336745				
DAISO大創百貨 新莊鴻金寶店	4	602	百貨公司	新北市新莊區民安路188巷5號2樓	25.0231531	121.424816				
信德百貨襪子專賣店	4.5	48	百貨公司	新北市新莊區自強街15號	25.0460473	121.4546848				
二手百貨 歡迎來找便宜	5	2	百貨公司	 822 777	23.4857501	119.49965				
子宸實業社	0	0	百貨公司	新北市新莊區光明路18號	25.0149765	121.4237171				
J-MART 佳瑪 新莊店	4.1	5	百貨公司	新北市新莊區幸福路763號	25.0488294	121.4478691				
Future Lab. 未來實驗室 新莊宏匯店	4.9	77	百貨公司	新北市新莊區新北大道四段3號2樓	25.0596297	121.4494117				
Molinari Living 義大利沙發總代理 新莊旗艦店 台北沙發 台北家具 義大利進口沙發 義大利進口家具	4.5	2	百貨公司	新北市新莊區思源路553號3號樓B06	25.0583546	121.4593112				
誠正文化廣場書店	4.3	826	百貨公司	新北市新莊區中華路二段20-1號	25.0447147	121.4534375				
大將作板橋遠東8F (小遠百)	4.3	3	百貨公司	新北市板橋區中山路一段152號8樓	25.0109803	121.4645384				
品木宣言 板橋遠東百貨	5	2	百貨公司	新北市板橋區中山路一段152號	25.0109601	121.4644536				
銀穗en-suey遠東百貨(板橋店)	3.6	20	百貨公司	新北市板橋區中山路一段152號5F	25.0109601	121.4644536				
Norns板橋大遠百專櫃門市	5	283	百貨公司	新北市板橋區新站路28號4樓	25.013569	121.4668191				
LINDARICO-板橋大遠百	0	0	百貨公司	新北市板橋區新站路28號3F	25.0137582	121.4668303				
DollBao百貨展示櫃－誠品生活新板店	5	1	百貨公司	新北市板橋區縣民大道二段66號	25.0137664	121.4640166				
周能喜	0	0	百貨公司	新北市板橋區新民街19號1樓	25.0101575	121.4639939				
O'right 歐萊德-板橋大遠百Mega City體驗館	5	117	百貨公司	新北市板橋區新站路28號7樓	25.0137117	121.4667328				
香港商席伊麗亞洲有限公司台灣分公司	0	0	百貨公司	新北市板橋區長安街57號	25.00886	121.4670502				
大貿生活百貨 漢生店	4	321	百貨公司	新北市板橋區漢生西路46號館前西路211號	25.018501	121.463265				
板橋遠東一米特才藝中心	5	29	百貨公司	新北市板橋區中山路一段152號8樓	25.0110116	121.4644733				
誠品生活新板	4.3	6	百貨公司	新北市板橋區縣民大道二段66號	25.0124441	121.4633474				
PETIT BAZAAR小市吉百貨	5	1	百貨公司	新北市板橋區南雅南路一段60-1號	25.0056088	121.4554505				
SUPERDRY板橋大遠百	4	8	百貨公司	新北市板橋區新站路28號8樓	25.0135954	121.4667109				
SECRET CASTLE秘密城堡 板橋大遠百4F	4.4	14	百貨公司	新北市板橋區新站路28號4F	25.0140651	121.4673332				
板橋 桐享團團購	5	1	百貨公司	新北市板橋區重慶路346巷2號	24.9972949	121.4639247				
皇家竹炭-遠東百貨板橋中山店9F	4.1	36	百貨公司	新北市板橋區中山路一段152號9樓	25.0109369	121.4644657				
太子嫁萓妘f	0	0	百貨公司	新北市板橋區南雅南路一段6號	25.006781	121.4561332				
優視健康有限公司	0	0	百貨公司	新北市板橋區四川路一段23號9號樓之1	25.0069034	121.4596089				
A'ROMA P 誠品生活 新板店2F	1	1	百貨公司	新北市板橋區縣民大道二段66號	25.0124447	121.4632607				
Norns板橋誠品專櫃門市	5	272	百貨公司	新北市板橋區中山路一段46號4F	25.0089328	121.4608827				
常榮通信有限公司	0	0	百貨公司	新北市板橋區文化路一段239號1樓	25.0177003	121.4639672				
誠品生活亞東醫院店	4	1	百貨公司	新北市板橋區南雅南路二段21號1F	24.9977685	121.4532539				
皇家竹炭-愛買南雅店2F商店街	1	2	百貨公司	"樓, No. 101號貴興路板橋區新北市220"	25.0017819	121.4565802				
順豐百貨有限公司	0	0	百貨公司	新北市林口區民享路439號	25.089665	121.3846644				
Porter International三井Outlet	4	144	百貨公司	"F, No. 356號文化三路一段林口區新北市24448"	25.0707347	121.3639607				
珮斯提雅百貨行	0	0	百貨公司	台灣省新北市 林口區中山路97巷3號1樓	25.0785134	121.3896458				
龍詳企業有限公司	0	0	百貨公司	台灣省新北市 林口區中山路262號	25.0799872	121.3848536				
Kipling	3.5	10	百貨公司	新北市林口區文化三路一段356號	25.0707347	121.3639607				
韓國流行服裝 韓國飾品 韓國包包 韓國百貨 迪士尼小物 韓國流行鞋款 韓國各類商品 韓國服飾 包包 服飾 鞋 衣 SUGAR GIRL 甜心女孩	0	0	百貨公司	新北市林口區中正路139號	25.0771744	121.3931795				
合家樂福利購	4.7	3	百貨公司	新北市林口區文化三路一段381號	25.0731367	121.3654116				
美安SHOP.COM經銷商 樹林	5	1	百貨公司	新北市樹林區潭興街143巷28弄2號5樓	24.999737	121.424722				
斯嫚特企業有限公司樹林分公司	5	5	百貨公司	台灣省樹林區中山路一段185號	24.988012	121.421533				
Haha show Accessory	0	0	百貨公司	新北市樹林區保安街二段70號攤位E35	25.0032097	121.4154209				
Norns樹林秀泰生活專櫃門市	5	243	百貨公司	新北市樹林區樹新路40-6號號1F	24.9954547	121.4284421				
J-MART 佳瑪 樹林店	4.1	1	百貨公司	新北市樹林區博愛街89號	24.9917458	121.4268915				
美安SHOP.COM經銷商 永和福和路	0	0	百貨公司	新北市永和區福和路264號6樓	25.0076204	121.5180908				
萬岳比漾ADIDAS	5	2	百貨公司	新北市永和區中山路一段238號1F	25.008209	121.5076921				
汐止遠雄ADIDAS/PUMA	4.6	21	百貨公司	新北市汐止區新台五路一段99號2樓	25.061997	121.648484				
景初有限公司	0	0	百貨公司	台灣新北市 汐止區新台五路一段97號25樓之11	25.061981	121.648336				
美安SHOP.COM經銷商 汐止	0	0	百貨公司	新北市汐止區中興路111號11樓	25.0649195	121.6320938				
華歌爾內衣 汐止遠雄門市	4.9	73	百貨公司	新北市汐止區新台五路一段93~99號	25.0620236	121.6482503				
土購網 togosale	0	0	百貨公司	新北市汐止區龍安路28巷30號	25.0641546	121.6543245				
Chara 微百貨 (汐止總部)	4.4	12	百貨公司	新北市汐止區南陽街180巷17號	25.0574878	121.6248012				
驊恩國際有限公司	0	0	百貨公司	台灣新北市 汐止區福德一路160巷1號1樓	25.0666	121.6361337				
鴻鐽國際有限公司	0	0	百貨公司	新北市汐止區新台五路一段77號6號樓之7	25.0617214	121.6452391				
三花SUN FLOWER 遠雄廣場 襪 襪子 四角褲 男內衣	5	4	百貨公司	新北市汐止區新台五路一段93-99號號2F	25.0619454	121.6480753				
艾立肯國際行銷有限公司	0	0	百貨公司	台灣新北市 汐止區康寧街751巷13號	25.075298	121.637022				
大汐止百貨	3	7	百貨公司	新北市汐止區	25.0656346	121.6318846				
晶贊廣場	2.8	6	百貨公司	新北市泰山區明志路三段142巷	25.0401429	121.4243012				
中港南批發廣場	0	0	百貨公司	新北市泰山區中港南路96-2號	25.0627521	121.4470938				
松營精品百貨	4.1	233	百貨公司	"號 No. 2, 仁愛路泰山區新北市243"	25.0538961	121.4303897				
Djd汽機車精品百貨	3.7	15	百貨公司	新北市泰山區泰林路二段36號號	25.0571795	121.4359486				
冠明生技有限公司	3.8	5	百貨公司	台灣省新莊區新北大道四段	25.056761	121.4425163				
"金巴黎服飾精品,內衣褲,鞋靴子,日本包包,珠寶,台鹽多寶...."	0	0	百貨公司	新北市泰山區明志路一段	25.0597963	121.4320015				
順豐百貨有限公司	5	1	百貨公司	新北市泰山區泰林路二段11號	25.0541358	121.4374092				
悠遊食代-淡水UrStyle-Tamsui Food Plaza	4	2	百貨公司	新北市淡水區中山路8號4、5樓	25.1690545	121.4450476				
美安Shop.com經銷商 紅樹林	0	0	百貨公司	新北市淡水區中正東路二段35號10樓	25.1563676	121.4594018				
美安Shop.com經銷商 淡水	0	0	百貨公司	新北市淡水區清水街1-10號10樓	25.1700325	121.442618				
裕聯國際有限公司	0	0	百貨公司	新北市淡水區	25.2181864	121.4446782				
麗寶漁人碼頭廣場	4	839	百貨公司	新北市淡水區觀海路91號	25.1824283	121.4139099				
芳香小舖 淡水禮萊門市	4.6	5	百貨公司	新北市淡水區中正路一段2號	25.1763788	121.4291416				
MeiGrace國際精品/Remore悅目色彩鑑定/包包服裝飾品家居手錶	5	23	百貨公司	新北市淡水區中正路一段2號1樓	25.1763978	121.4292997				
魔力屋生活館竹圍店	4	198	百貨公司	新北市淡水區民族路40號	25.1362032	121.4614347				
滬尾藝文休閒園區	4.2	6	百貨公司	新北市淡水區中正路一段2號	25.1758332	121.4285239				
魔頭帽淡水店-安全帽頭盔專賣店	3.7	83	百貨公司	新北市淡水區文化路61號1樓	25.1728651	121.4385715				
THE NORTH FACE 永和比漾店	0	0	百貨公司	新北市永和區中山路一段238號B1	25.0079853	121.5075372				
"Zida department store (Shisedo, Triumph & Children’s clothing )"	4.1	7	百貨公司	新北市瑞芳區民生街9號	25.1078354	121.8060476				
t?p ho? vi?t nam	0	0	百貨公司	"No, 22441, No. 13民權街瑞芳區新北市"	25.1079073	121.8084447				
御品木有限公司 台灣檜木精品專賣	0	0	百貨公司	台北市信義區信義路五段7號	25.033718	121.56481				
台灣輕鬆購	0	0	百貨公司	新北市蘆洲區長樂路35號長安街202號9樓之21樓-1	25.084158	121.4586986				
妙麗兒	0	0	百貨公司	新北市蘆洲區仁愛街101巷14號	25.094002	121.470518				
全威行	3.6	10	百貨公司	基隆市暖暖區源遠路249巷108號	25.1003548	121.7546953				
三商行股份有限公司基隆店	0	0	百貨公司	基隆市信義區信一路165號	25.1303664	121.7456316				
峻逸實業	4.7	3	百貨公司	基隆市暖暖區碇內街241號6樓(辦公室	25.0903485	121.7529042				
基隆皇冠商業大樓	3.8	2	百貨公司	基隆市中正區信一路177號	25.1308279	121.7447238				
努果樂業有限公司	0	0	百貨公司	新北市鶯歌區中正二路106號	24.9501696	121.3486115				
思夢樂鶯歌店	4	386	百貨公司	新北市鶯歌區文化路391號	24.9504209	121.352674				
愛買 忠孝店	3.9	3	批發店	台北市信義區忠孝東路五段297號B1-B3	25.0411999	121.5736291				
好市多 內湖店	4.2	14	批發店	台北市內湖區舊宗路一段268號	25.0642716	121.5758463				
大潤發內湖店	4.1	16	批發店	台北市內湖區舊宗路一段188號	25.0624547	121.5756531				
大潤發(內湖一店)	4	8	批發店	台北市內湖區舊宗路一段128號	25.0609553	121.5779679				
家樂福 南港店	4	4	批發店	台北市南港區南港路二段146號B1	25.053782	121.600503				
愛買 景美店	3.8	4	批發店	台北市文山區景中街30巷12號	24.9922341	121.5422939				
愛買 三重店	4	6	批發店	新北市三重區中正北路193巷45號	25.0714136	121.4761974				
女人驚喜旗艦館	4.6	37	批發店	新北市三重區民生街61巷14號	25.0626433	121.4885511				
錦芳實業有限公司	4.2	494	批發店	新北市泰山區泰林路三段370巷22-1號	25.0696468	121.4123446				
金興發生活百貨 南西門市	4.1	2	家居用品店	台北市中山區南京西路5-1號	25.0525528	121.5214083				
洲全生活館有限公司	4.1	67	家居用品店	台北市信義區信義路二段169號	25.03406	121.529061				
來萊生活百貨	4	123	家居用品店	台北市中正區連雲街89號	25.034063	121.530158				
金興發生活百貨 城中門市	4.3	1	家居用品店	台北市中正區重慶南路一段71號	25.044278	121.513376				
無印良品 館前門市	4.3	534	家居用品店	台北市中正區忠孝西路一段66號3F	25.0461278	121.515325				
勝佳百貨	3.8	265	家居用品店	台北市信義區莊敬路322號	25.0280106	121.5634528				
通通友五金百貨	4.1	28	家居用品店	台北市信義區松山路288號	25.043519	121.5776196				
台北-三心科技內湖旗艦店-3M淨水器、BRITA淨水器、櫻花淨水器、國際牌電解水機、全戶淨水、arpha電子鎖、DORMAKABA電子鎖、台北淨水器試喝	5	204	家居用品店	台北市內湖區文湖街88號	25.0862627	121.5654128				
HOLA 和樂家居 台北內湖店	4.1	2	家居用品店	"樓, No. 23號新湖三路內湖區台北市114"	25.0622594	121.5743164				
思夢軒國際股份有限公司	0	0	家居用品店	台灣台北市 內湖區成功路二段404號機房(指定轉接	25.0707111	121.5899504				
五洲商業有限公司	4.7	11	家居用品店	台北市內湖區民權東路六段136巷2號	25.0687107	121.5876353				
琳瑯滿目生活百貨 東湖店	4.3	196	家居用品店	台北市內湖區東湖路25號	25.0689704	121.6131609				
4000金家庭百貨	4.2	79	家居用品店	台北市士林區大東路66號	25.0901805	121.5256703				
家乘生活百貨-社子 LIFEPLUS MART	4.9	28	家居用品店	台北市士林區社正路57號	25.0889934	121.5100084				
金興發生活百貨 士林門市	4.4	1	家居用品店	台北市士林區文林路120號	25.0883109	121.5264559				
麗便利生活百貨	4.3	23	家居用品店	台北市士林區福港街111號	25.0884439	121.5181745				
億萬里五金百貨文林店	4.2	301	家居用品店	台北市士林區文林路436號	25.094732	121.524829				
無印良品 高島屋門市	4.3	132	家居用品店	台北市士林區忠誠路二段55號號4樓	25.1118264	121.5315215				
HOLA和樂家居 台北士林店	4.1	6	家居用品店	台北市士林區基河路258號B1F	25.092348	121.5201492				
小北百貨-台北寧夏店	4.2	2	家居用品店	台北市大同區寧夏路11號	25.0546937	121.5150647				
金興發生活百貨 師大門市	4.2	532	家居用品店	台北市大安區師大路39巷6號8號	25.0245717	121.5287953				
金興發生活百貨 通化門市	4.4	381	家居用品店	台北市大安區臨江街81號	25.0299771	121.5553331				
笙笙生活百貨	4.3	15	家居用品店	台北市松山區八德路三段156號	25.047959	121.5550073				
頂尖時尚百貨	0	0	家居用品店	台北市松山區南京東路五段291巷29弄25號	25.0529751	121.5669773				
浚恩淨水(永洧實業有限公司)	4.4	40	家居用品店	台北市松山區吉祥路29號	25.049718	121.562645				
捨得生活開發股份有限公司	5	1	家居用品店	台灣台北市 松山區民生東路五段58號1樓	25.058277	121.5582106				
老人當家銀?族時尚生活輔助用品-敦北店	5	1	家居用品店	台北市松山區敦化北路199巷2弄17號長庚醫院後面	25.0550234	121.5500328				
嘉家企業有限公司	0	0	家居用品店	台北市松山區延壽街151號	25.0569623	121.5630856				
聯美精品生活百貨龍江店	4.5	157	家居用品店	台北市中山區龍江路309號	25.0613293	121.5408777				
YOYO 生活百貨	4.3	25	家居用品店	台北市中山區農安街245號	25.0647773	121.5348191				
億萬里五金百貨北投店	4.3	396	家居用品店	台北市北投區新市街22號	25.1319948	121.5021976				
達軒國際有限公司 (五金行)	4	46	家居用品店	台北市北投區自強街91號	25.110793	121.514928				
新遠東水電衛生材料有限公司	4.4	760	家居用品店	台北市大安區和平東路三段151號	25.0247582	121.5528162				
全館生活百貨	2.9	90	家居用品店	台北市萬華區西寧南路219號一樓	25.0406089	121.5062597				
上易生活百貨萬大店	4.1	39	家居用品店	台北市萬華區萬大路458號	25.0203077	121.4976641				
麗洋實業有限公司	0	0	家居用品店	台北市萬華區中華路二段305巷9號	25.0293239	121.505295				
春徠國際股份有限公司	0	0	家居用品店	台北市萬華區西園路二段131號2樓	25.029634	121.4962774				
SHOWBA小北百貨-新北三峽中華店	4.3	308	家居用品店	新北市三峽區中華路20號	24.9328005	121.3743485				
86生活百貨	0	0	家居用品店	新北市三峽區三樹路86號	24.9385527	121.3782924				
統友生活百貨 - 三芝店	4.1	267	家居用品店	新北市三芝區淡金路二段41號之1號1樓	25.2599675	121.5035173				
安德魯流行館	4.1	9	家居用品店	新北市三芝區中山路一段67號	25.257143	121.500948				
樂芙百貨	4.2	5	家居用品店	新北市三重區車路頭街110號	25.0748753	121.4841945				
金興發生活百貨 三和門市	4.2	391	家居用品店	新北市三重區中央北路3號	25.0640181	121.5011217				
德川百貨行(昇川襪子店)	5	2	家居用品店	新北市三重區長壽西街22號	25.0673293	121.4975885				
好鄰居生活百貨	4.5	13	家居用品店	新北市三重區永福街181號	25.0749765	121.4790472				
東大藝品百貨企業股份有限公司	5	2	家居用品店	新北市三重區永福街72巷7號	25.0767177	121.4792384				
太和工房三重店	3.6	71	家居用品店	新北市三重區正義北路260號	25.0686204	121.4957708				
HOLA 和樂家居 新北重新店	4.3	217	家居用品店	新北市三重區重新路五段654號B1	25.0432809	121.4675154				
加麗佳實業有限公司	4.7	3	家居用品店	新北市三重區中正北路530巷14號3樓	25.070018	121.4723159				
智慧家庭科技有限公司 SmartHomeTek Co. Ltd.	0	0	家居用品店	新北市三重區中正北路428巷6號統編: 693616751樓	25.0705423	121.4747667				
千古實業有限公司	5	1	家居用品店	新北市三重區中正南路49號	25.0595699	121.4938375				
正愛廚具	3.7	12	家居用品店	新北市三重區正義北路217號	25.0687421	121.4961599				
睿取工程有限公司	4.5	2	家居用品店	新北市五股區壟鉤路14-8a號	25.0862036	121.4152856				
灶師傅(鉅馥事業有限公司)	4.6	29	家居用品店	新北市五股區中興路三段186號之2號	25.0815288	121.4444215				
統友生活百貨 - 八里店 (大龍大賣場)	4.2	426	家居用品店	新北市八里區里華峰一街27-1 號	25.1466246	121.3993536				
雅登廚飾國際有限公司	4.8	6	家居用品店	台灣新北市 八里區頂寮二街118號之1	25.1270864	121.4490066				
寶安生活百貨	4.5	67	家居用品店	新北市新店區寶安街16巷2號	24.9815431	121.5422839				
家乘生活百貨-新店 LIFEPLUS MART	4.6	77	家居用品店	新北市新店區北新路一段179號	24.964408	121.539998				
自信百貨有限公司好朋友百貨	4.2	997	家居用品店	新北市新莊區自信街39號	25.048371	121.454456				
新莊幸福生活百貨	4.5	38	家居用品店	新北市新莊區幸福東路53號	25.0492922	121.4653427				
好朋友百貨商場	4.3	1	家居用品店	新北市新莊區西盛街167號	25.0176438	121.4282484				
HOLA 和樂家居 新莊宏匯店	4.8	11	家居用品店	新北市新莊區新北大道四段3號1樓	25.0596783	121.4495726				
宜得利家居 新莊店	4.1	586	家居用品店	"樓, 佳瑪百貨新莊店No. 763號幸福路新莊區新北市242"	25.0488719	121.4478707				
鑫富國生活百貨館	4.1	284	家居用品店	新北市新莊區富國路104號	25.0256012	121.4207268				
旺代企業有限公司	5	6	家居用品店	台灣省新莊區中正路657號	25.0300998	121.4285354				
美商新秀麗太平洋有限公司台北分公司板橋遠東百貨７Ｆ門市	3	2	家居用品店	新北市板橋區中山路一段152號	25.0109601	121.4644536				
大台美百貨	4.1	345	家居用品店	新北市板橋區中山路二段467號	25.0206715	121.4818498				
掌廚鍋具HiCHEF_遠東百貨_板橋店 WOLL鍋具 WUSTHOF刀具 廚房 不沾鍋 不袗 德國 日本 中華炒鍋	0	0	家居用品店	新北市板橋區中山路一段152號10樓	25.0108691	121.4645375				
五一八生活百貨 板橋國慶店	4.3	324	家居用品店	新北市板橋區國慶路15號	24.9955804	121.4583342				
勝立生活百貨	4.2	721	家居用品店	新北市板橋區南雅東路8號	25.0060248	121.4551555				
家佳食品五金百貨賣場	4.3	274	家居用品店	新北市林口區中原街14-1號	25.078177	121.3929459				
宜得利家居 林口店	4.1	608	家居用品店	新北市林口區文化三路二段16號家樂福 林口店B1	25.0778628	121.3737482				
大家商行	5	1	家居用品店	"號 No. 133中正路, No. 133中正路林口區新北市244"	25.0771462	121.3932486				
特力屋 林口中山店(社區店)	4.1	382	家居用品店	新北市林口區中山路248號B1	25.0797113	121.3856758				
晶翰家股份有限公司	5	1	家居用品店	新北市林口區15鄰60號之1號	25.093738	121.375896				
德洋日本五金百貨	4.5	4	家居用品店	新北市樹林區保安街一段16巷22號	24.9936539	121.4285791				
嘉新百貨商城	5	1	家居用品店	新北市樹林區備前街30號	24.98595	121.4176041				
icolor樹林秀泰店	4.2	61	家居用品店	新北市樹林區樹新路40-6號	24.9954734	121.4284949				
無印良品 樹林門市（樹林秀泰）	4.4	322	家居用品店	新北市樹林區樹新路40-6號1樓	24.9955128	121.4284257				
全家十元百貨	4.1	94	家居用品店	新北市板橋區溪北路98號	24.9893149	121.4285502				
闔樂泰 樹林倉儲中心	4.4	7	家居用品店	新北市樹林區柑園街一段167巷11號	24.9565172	121.4004509				
宜得利家居 樹林秀泰店	4.3	243	家居用品店	新北市樹林區樹新路40-6號秀泰生活樹林店號 5F	24.9955128	121.4284257				
青禾坊	5	3	家居用品店	新北市樹林區中華路192-15號	24.9810431	121.4125339				
汐止大盤價 家庭五金食品百貨	3.9	503	家居用品店	新北市汐止區仁愛路153號	25.0649991	121.6638771				
美國金格名床KING KOIL-IFG遠雄購物	5	58	家居用品店	新北市汐止區新台五路一段97號3樓	25.0619975	121.6484288				
宜得利家居 汐止遠雄店	4.2	786	家居用品店	新北市汐止區新台五路一段99號遠雄購物中心A棟2樓	25.0619454	121.6480753				
建成五金百貨	4.3	15	家居用品店	新北市汐止區建成路37巷5號	25.0727034	121.6636186				
快捷工程有限公司	0	0	家居用品店	台灣新北市 汐止區樟樹二路339巷20號2樓	25.0704534	121.6412968				
無印良品 汐止門市	4.2	150	家居用品店	新北市汐止區新台五路一段93號D區1F	25.0620436	121.6472351				
咪咪精品生活百貨	3.9	127	家居用品店	新北市汐止區新昌路75號1樓	25.0692105	121.6639056				
《喝好水?找菉水》3M淨水器-愛惠浦-賀眾-Brita-宮黛-國際牌-普德-櫻花	4.7	49	家居用品店	新北市汐止區大同路二段118號	25.0637629	121.6509093				
尚品	4.6	27	家居用品店	新北市泰山區楓江路86巷33-17號	25.0603893	121.4327814				
良華行百貨(日本生活用品進口百貨)	3.7	22	家居用品店	台北市中正區重慶南路一段88號1樓	25.043012	121.5130316				
好鄰居生活百貨	4.2	161	家居用品店	台北市松山區延吉街9-2號	25.0468293	121.5535617				
好鄰居生活百貨-瑞芳	0	0	家居用品店	新北市瑞芳區民族街22號	25.1069993	121.8066958				
美瀚十元精品屋	4.2	60	家居用品店	新北市瑞芳區明燈路二段66號	25.1076285	121.8096236				
億萬里五金百貨蘆洲店	4.3	559	家居用品店	新北市蘆洲區長榮路19號	25.0821969	121.4635025				
無印良品 徐匯門市(徐匯廣場）	4.3	469	家居用品店	新北市蘆洲區中山一路8號3樓	25.0804786	121.4804555				
熊寶寶洗衣坊	4.8	9	家居用品店	新北市蘆洲區集賢路224巷66號	25.0883613	121.4807485				
高毅生活百貨-板橋店	4.2	339	家居用品店	新北市板橋區溪北路110號	24.9891011	121.428874				
集寶生活百貨	4.3	715	家居用品店	"No. 20號, 中平路新莊區新北市242"	25.0428421	121.4448365				
老裕成號	5	2	家居用品店	新北市金山區金包里街29號	25.2210727	121.6393675				
原點居家用品店	5	6	家居用品店	新北市鶯歌區中正三路194巷34-1號	24.9419609	121.3306032				
寶來古美素	4.3	44	家居用品店	新北市鶯歌區尖山埔路二段21號	24.9489649	121.3425457				
源記生活館企業有限公司	4.3	206	家居裝修店	新北市三重區正義北路300之2號	25.0697114	121.495326				
金船傢俱有限公司	4.6	5	家居裝修店	新北市五股區中興路一段1巷26號	25.070437	121.469614				
香香生活百貨	4.2	43	家庭裝修 DIY 百貨賣場	台北市信義區永吉路30巷101弄24號	25.0434149	121.5695818				
特力屋 台北內湖店	4	5	家庭裝修 DIY 百貨賣場	台北市內湖區新湖三路23號B1	25.062163	121.573934				
亞龍道具有限公司	3.2	105	家庭裝修 DIY 百貨賣場	台北市內湖區新明路243號	25.0578097	121.5871783				
特力屋 台北士林店	4.2	2	家庭裝修 DIY 百貨賣場	台北市士林區基河路258號	25.0926049	121.5202003				
幸福家百貨生活館	4.2	301	家庭裝修 DIY 百貨賣場	台北市士林區天母東路8巷34號	25.116716	121.5316066				
五西科技有限公司 5Cgo 五西購物網	3.5	2	家庭裝修 DIY 百貨賣場	台北市士林區中正路601號9樓之3	25.086467	121.510007				
永安精品生活百貨	4.3	49	家庭裝修 DIY 百貨賣場	台北市大安區通化街21-1號	25.031551	121.55435				
鑫三禾生活百貨店	4.9	17	家庭裝修 DIY 百貨賣場	新北市三重區中央北路61號1樓	25.0656445	121.5006082				
跳蚤百貨、3D動畫、網站、美容、美髮…	5	6	家庭裝修 DIY 百貨賣場	新北市三重區自強路二段54號4樓	25.0696774	121.4887246				
DIYhome五金工具百貨網	3	2	家庭裝修 DIY 百貨賣場	新北市三重區中正北路560巷47號12樓	25.0702246	121.4707084				
?洋國際有限公司	4.5	54	家庭裝修 DIY 百貨賣場	新北市五股區中興路二段20號3樓	25.0747205	121.4629576				
常豐百貨網路精品複合館	0	0	家庭裝修 DIY 百貨賣場	新北市土城區廣明街14號1樓	24.9922028	121.4558937				
特力屋 台北新莊店	4.1	5	家庭裝修 DIY 百貨賣場	新北市新莊區中正路620號	25.0295902	121.4227473				
聯美生活百貨汐止店	4.3	20	家庭裝修 DIY 百貨賣場	新北市汐止區新興路83-6號	25.0617531	121.6578608				
頡洋興業有限公司	5	5	家庭裝修 DIY 百貨賣場	新北市泰山區明志路三段142巷68號	25.0403104	121.4242417				
淡水典亞家庭五金百貨行	4.7	19	家庭裝修 DIY 百貨賣場	新北市淡水區清水街54號	25.1703588	121.4442565				
高毅生活百貨行	4	182	家庭裝修 DIY 百貨賣場	新北市淡水區民族路1-1號	25.137158	121.4603641				
大亞五金百貨商場	4.4	100	家庭裝修 DIY 百貨賣場	新北市蘆洲區復興路111號	25.0880863	121.4772006				
康柏生物科技有限公司	5	1	家庭裝修 DIY 百貨賣場	新北市蘆洲區正和街66號	25.0813263	121.4687275				
麗水生活 飲水機 淨水器 廚下加熱	5	162	家庭裝修 DIY 百貨賣場	新北市蘆洲區和平路158號	25.081119	121.4666482				
集雅社 - 新光三越台北站前店	4.2	57	家電客戶服務	台北市中正區忠孝西路一段66號10樓	25.0461972	121.5153049				
集雅社 - 新光三越信義A8館	4.1	45	家電客戶服務	台北市信義區松高路12號7樓	25.0387919	121.5667381				
集雅社 - 大葉?島屋百貨	5	16	家電客戶服務	台北市士林區忠誠路二段55號5F	25.1118523	121.5314695				
集雅社 - 汐止遠雄廣場	4.5	79	家電客戶服務	新北市汐止區新台五路一段93-99號1號樓 D區	25.0620236	121.6482503				
台視文化事業股份有限公司製作部	3.9	38	書店	台北市松山區八德路三段10號	25.047908	121.5498674				
新生活流行館-北投店	4.3	889	書店	台北市北投區磺港路10號1樓	25.1331758	121.5022418				
TSUTAYA BOOKSTORE 南港店	4.6	3	書店	沒有地址	25.052981	121.6069293				
墊腳石圖書文化廣場 台北士林店	4.4	5	書店	台北市士林區中正路325號	25.0945363	121.5233387				
萬有樓股份有限公司	5	1	書店	台北市文山區興隆路四段105巷29號B1	24.9878253	121.5619185				
誠品書店 西門店	4.4	1	書店	台北市萬華區峨眉街52號3樓	25.0437117	121.5053975				
誠品生活時光 萬華萬大店	4.4	233	書店	台北市萬華區萬大路22號	25.0319001	121.5004568				
新生活書局-三芝門市	4.3	197	書店	新北市三芝區育英街11號	25.2583652	121.501554				
誠品生活林口三井店	4.4	2	書店	新北市林口區文化三路一段356號	25.0708603	121.3656895				
新生活書局 - 淡水淡大店	4.3	975	書店	新北市淡水區大忠街115號B1	25.1773092	121.4469159				
新生活書局-淡水真理店	4.3	1	書店	新北市淡水區新民街120巷23號B1	25.1782425	121.4383082				
春大地文具書局廣場	4.4	2	書店	新北市蘆洲區中正路117號	25.0842847	121.4696183				
康士得生活百貨	4.4	405	商店	台北市中山區長安東路一段23號	25.0494821	121.523794				
美麗市場 新光三越信義 A4 - B2 超市	3.9	61	超級市場	台北市信義區松高路19號	25.0396539	121.5667018				
美麗市場 信義A11店	3.9	45	超級市場	台北市信義區松壽路11號 號B2	25.0370149	121.5672753				
家樂福 內湖店	4.1	11	超級市場	台北市內湖區民善街88號	25.0600645	121.5748964				
家樂福超市 台北內湖一店	4.2	1	超級市場	台北市內湖區內湖路一段155號	25.0836335	121.5633122				
DON DON DONKI CITYLINK 南港店	4.8	4	超級市場	台北市南港區忠孝東路七段359號B棟3樓	25.0524855	121.6065925				
微風超市 南京	3.7	39	超級市場	台北市松山區南京東路三段337號2F	25.0520316	121.5481058				
微風超市 微風廣場店	4.2	439	超級市場	台北市松山區復興南路一段39號39號B2F 號 B2	25.0461572	121.5448303				
幸福家百貨生活館	3.9	236	超級市場	台北市中山區龍江路356巷10號	25.065935	121.540362				
國際通百貨廣場	4.1	958	超級市場	新北市三重區中央北路8號	25.0638597	121.5008779				
美廉社 三重長元店	3.9	51	超級市場	新北市三重區長元街29號	25.0657864	121.4995251				
全聯福利中心 三重捷運店	4	807	超級市場	新北市三重區捷運路39、41號	25.0559237	121.4842567				
全聯福利中心 三重永福	4	835	超級市場	新北市三重區三和路四段380號B1	25.0787415	121.4825375				
家樂福超市 三重仁愛店	4.1	96	超級市場	新北市三重區仁愛街285號	25.0790405	121.4926167				
美廉社 三重車路頭店	4.1	70	超級市場	新北市三重區車路頭街62巷5號	25.0726244	121.4840105				
得利安有限公司	4.1	19	超級市場	新北市五股區成泰路三段577巷36號	25.1030499	121.4512248				
翊珍生鮮大賣場	4.2	67	超級市場	新北市八里區龍米路二段71號	25.1411717	121.4478154				
家樂福 樹林店	4.2	9	超級市場	新北市樹林區大安路118號	24.9969966	121.4211138				
越品有限公司Vy Mart TW	4.8	10	超級市場	新北市汐止區大同路一段344號	25.0590308	121.6381769				
家樂福 汐科店	4.2	5	超級市場	"B1, No. 99新台五路一段汐止區新北市221"	25.0619044	121.648408				
家樂福超市 汐止建成店	4.3	257	超級市場	新北市汐止區建成路39號	25.0729131	121.6631762				
家樂福超市 泰山明志店	4.1	265	超級市場	新北市泰山區明志路二段95-97號	25.051933	121.428534				
全聯福利中心 淡水淡金店	4.2	673	超級市場	新北市淡水區淡金路8-1號	25.1596576	121.4574788				
全聯福利中心 淡水博愛	3.9	757	超級市場	新北市淡水區中正東路35巷22號	25.1687422	121.4466495				
五一八生活百貨	4.2	1	超級市場	新北市蘆洲區中正路357號	25.0899051	121.4650889				
家樂福超市 蘆洲三民店	4.3	431	超級市場	新北市蘆洲區三民路54號	25.0835826	121.4755322				
全聯福利中心 北縣金山	4.1	700	超級市場	新北市金山區中山路114號	25.2196548	121.639692				
思必可有限公司	4.6	8	進口商	台北市文山區羅斯福路五段226號5F	25.0018808	121.5387405				
搖籃創意貿易有限公司	5	14	進口商	新北市三重區光復路一段88號 88-9號8樓	25.0507579	121.471267				
美麗新廣場 大直館 MIRANEW SQUARE Dazhi	3.9	675	購物中心	台北市中山區北安路780號	25.0849899	121.5537244				
三創生活園區	4.3	34	購物中心	台北市中正區市民大道三段2號	25.0454978	121.5313187				
微風台北車站	4.1	17	購物中心	台北市大同區北平西路3號	25.0478356	121.5163623				
臺北地下街	4.2	21	購物中心	台北市中正區市民大道一段100號B1	25.0495017	121.5136386				
萬年商業大樓	4.1	13	購物中心	台北市萬華區西寧南路70號	25.0434646	121.505942				
微風信義	4.2	7	購物中心	台北市信義區忠孝東路五段68號	25.0405444	121.5667909				
微風松高	4.1	5	購物中心	台北市信義區松高路16號	25.0385509	121.567355				
台北天空塔	3.7	9	購物中心	台北市信義區松壽路3號	25.0363878	121.5660334				
微風南山	4.2	13	購物中心	台北市信義區松智路17號	25.0343073	121.5659555				
紐約家具設計中心 台北內湖館	4.5	443	購物中心	台北市內湖區新湖一路128巷15號	25.0600484	121.577309				
CITYLINK南港店	4.2	17	購物中心	台北市南港區忠孝東路七段369號	25.0526405	121.6059866				
南港CITYLINKA棟	4.4	143	購物中心	台北市南港區忠孝東路七段339號號A棟	25.0527673	121.6069905				
環球購物中心 南港車站	4.1	2	購物中心	台北市南港區忠孝東路七段371號B1	25.0530944	121.6082992				
Mitsui Shopping Park LaLaport 南港	4.3	10	購物中心	台北市南港區經貿二路105巷1號	25.059299	121.6179848				
潤泰	4	76	購物中心	"喬 山 健康 科技 潤 泰, 南港區台北市"	25.0525938	121.6047394				
CITYLINK 松山貳號店	4.3	26	購物中心	台北市松山區市民大道六段131號	25.0496652	121.5788076				
花花時尚百貨	0	0	購物中心	台北市大同區民族西路225巷3弄10號1樓	25.0690275	121.5127518				
京站時尚廣場	4.2	43	購物中心	台北市大同區承德路一段1號	25.049308	121.5171935				
遠企購物中心	4.2	1	購物中心	台北市大安區敦化南路二段203號	25.0263019	121.5493621				
微風南京	3.9	7	購物中心	台北市松山區南京東路三段337號	25.0520086	121.5478119				
微風廣場	4.1	12	購物中心	台北市松山區復興南路一段39號	25.0461678	121.5445152				
中山地下街	4	4	購物中心	台北市中山區	25.0503263	121.5201232				
NOKE 忠泰樂生活	4.3	1	購物中心	台北市中山區樂群三路200號	25.0822446	121.5570625				
Miramar美麗華百樂園	4.4	5	購物中心	台北市中山區敬業三路20號	25.0834232	121.5574584				
台北101購物中心	4.4	61	購物中心	台北市信義區市府路45 號	25.0341222	121.5640212				
新光三越站前店 超市 生鮮/熟食/用品	4.4	9	購物中心	"樓, No. 66號忠孝西路一段中正區台北市100"	25.0459441	121.5153112				
龍山寺地下街商場	3.7	994	購物中心	台北市萬華區西園路一段145號	25.0360914	121.500261				
艋舺服飾商圈	3.9	151	購物中心	台北市萬華區	25.0343459	121.4994553				
西門紅樓16工房	4.2	193	購物中心	台北市萬華區成都路10號	25.0420343	121.5067255				
臺北市公有西門商場	3.8	9	購物中心	台北市萬華區成都路10巷33號號	25.041711	121.50678				
大理街服飾商圈	3.9	171	購物中心	台北市萬華區	25.0346347	121.5001533				
市聯購物中心	4.3	27	購物中心	台北市萬華區雙園街28號	25.0295624	121.494456				
北大商場	3.6	390	購物中心	新北市三峽區國際一街19號	24.9426464	121.3737687				
特力屋 台北三峽店	4.1	922	購物中心	新北市樹林區大成路85號B1	24.9476402	121.3814919				
超愛買三重店	4.1	197	購物中心	新北市三重區仁愛街296號	25.0791917	121.4923069				
介壽廣場	4.1	58	購物中心	新北市三重區龍門路6號	25.0713682	121.4947081				
??A ?I?M T? CH?C L? C?U AN ??U N?M	0	0	購物中心	新北市三重區重新路一段87號號	25.0637732	121.5012109				
徐匯廣場	4.1	3	購物中心	新北市蘆洲區中山一路8號	25.080547	121.4804698				
佳瑪百貨股份有限公司	4.3	8	購物中心	台灣蘆洲區長榮路8號	25.0819914	121.4641818				
晶冠廣場	3.9	4	購物中心	新北市新莊區五工路66號	25.0637199	121.4584923				
聖池太團購行	0	0	購物中心	新北市五股區凌雲路三段28-10號	25.1057979	121.4317661				
兆亨家庭用品百貨批發	4.4	229	購物中心	新北市八里區荖阡坑路7鄰24-12號	25.1379603	121.4002015				
日月光廣場	4.1	4	購物中心	新北市土城區學府路二段210號	24.9787439	121.4451593				
迪斯尼購物廣場	3.8	49	購物中心	新北市土城區青雲路152號	24.9831458	121.4585622				
誠品生活新店	4.2	1	購物中心	新北市新店區中興路三段70號	24.9779598	121.5464751				
京站時尚廣場 小碧潭店	4.1	4	購物中心	新北市新店區中央路157號5樓	24.9723512	121.5307121				
JC PARK食尚廣場 新莊幸福館	4.2	2	購物中心	新北市新莊區幸福路746號	25.0492534	121.4484669				
黃子庚(板橋小遠百)	4	5	購物中心	新北市板橋區中山路一段152號	25.0109616	121.4645232				
環球購物中心 板橋車站	4.2	13	購物中心	新北市板橋區縣民大道二段7號B1-2F	25.0144236	121.463768				
新板特區	4.3	172	購物中心	新北市板橋區新站路28號	25.0134249	121.4669786				
家佳樂百貨量販廣場(林口三店)	4.1	401	購物中心	新北市林口區南勢街190號	25.074659	121.3609949				
環球購物中心	3.8	3	購物中心	新北市林口區文化三路一段2號	25.0660417	121.3613907				
林口昕境廣場	4.1	3	購物中心	新北市林口區文化三路一段402巷2號	25.0735828	121.3690111				
UNDER ARMOUR 林口三井OUTLET店	4.3	4	購物中心	新北市林口區文化三路一段356號	25.0707347	121.3639607				
大浚五金有限公司	4.3	13	購物中心	新北市林口區東林街20號	25.0792132	121.3958597				
秀泰生活樹林店	4.4	5	購物中心	新北市樹林區樹新路40-6號	24.9955131	121.4284264				
生活工場Living plus	3.7	44	購物中心	新北市樹林區樹新路40-6號	24.9952925	121.4282611				
比漾廣場 新北永和	4.1	11	購物中心	新北市永和區中山路一段238號	25.0080508	121.5075194				
iFG遠雄廣場	4.2	17	購物中心	新北市汐止區新台五路一段93-99號	25.0619046	121.6480397				
五花八門生活百貨批發倉庫	4.7	16	購物中心	新北市汐止區南陽街90巷8號	25.0620314	121.6227704				
2nd STREET TAIWAN 汐止遠雄店	1.7	3	購物中心	新北市汐止區新台五路一段99號	25.0622525	121.6498425				
美麗新廣場 淡海館	4.1	2	購物中心	新北市淡水區義山路二段301號	25.1990276	121.4386245				
順意五金百貨量販廣場深坑店	3.9	249	購物中心	新北市深坑區北深路三段260號	25.0044398	121.5995495				
麗寶百貨廣場	3.9	5	購物中心	新北市板橋區縣民大道二段3號	25.0123893	121.4618696				
南山威力購物廣場	4.1	3	購物中心	新北市中和區中山路二段291號	25.0017136	121.496062				
環球購物中心 新北中和	4.3	26	購物中心	新北市中和區中山路三段122號	25.0071689	121.4748058				
蔡大友購物中心	5	1	購物中心	新北市萬里區瑪鋉路118號	25.1790368	121.6906824				
徐匯購物廣場 St. Ignatius Plaza	5	1	購物中心	新北市蘆洲區中山一路8號	25.0805864	121.4806534				
佳麗寶 Kanebo 蘆州佳瑪店	5	1	購物中心	新北市蘆洲區長榮路8號	25.0820952	121.4639929				
龍天地文具批發	4.1	53	購物中心	新北市蘆洲區中原路13號	25.0829973	121.4608713				
鶯歌區	0	0	購物中心	新北市鶯歌區	24.9615024	121.3427841				
鶯歌88人文百貨	3.9	52	購物中心	新北市鶯歌區重慶街88號	24.9522438	121.3484332				
屈臣氏 東興門市	3	47	藥房	台北市松山區南京東路五段301號	25.0515776	121.5664223				
屈臣氏 西門門市	3	285	藥房	台北市萬華區成都路15號	25.0426079	121.507201				
唯新婦嬰藥妝-大新藥局(三峽大義店)	4.7	191	藥房	新北市三峽區大義路259號	24.9464502	121.3773078				
康是美 湧峽藥局	4.2	17	藥房	新北市三峽區民生街81號83號1樓、2樓;851樓、2樓1樓、2樓	24.935804	121.374932				
佑全保健藥妝三峽大觀店	5	12	藥房	新北市三峽區大觀路9號	24.9440851	121.3753977				
全球藥局-三峽欣美店	4.7	295	藥房	新北市三峽區大同路52號	24.928613	121.376945				
有新藥局	4.8	228	藥房	新北市三峽區學勤路18號1樓	24.9454074	121.3737682				
富康輝藥局	4.3	52	藥房	新北市三芝區中正路一段86號	25.2572058	121.5042665				
大樹連鎖藥局-三重重新店	4.4	162	藥房	新北市三重區重新路四段12號	25.0576383	121.4887337				
佑全 五股新五藥局	4.9	52	藥房	新北市五股區新五路二段620號1樓	25.0895109	121.4445866				
唯新婦嬰藥妝-榮新藥局(林口忠孝店)	4	114	藥房	新北市林口區忠孝路383號	25.071524	121.3696385				
唯新婦嬰藥妝-林口藥局(林口文化三店)	4.6	159	藥房	新北市林口區文化三路二段69號	25.0800241	121.3739687				
神光藥	4.4	11	藥房	新北市泰山區明志路三段173號	25.0391089	121.4245152				
唯新婦嬰藥妝-貝比爾藥局(淡水中山一店)	4.6	136	藥房	新北市淡水區中山北路一段171號	25.177833	121.4434752				
深坑	3	1	藥房	新北市深坑區北深路三段177號	25.0035689	121.6016219				
大樹藥局-瑞芳明燈店	4.7	187	藥房	新北市瑞芳區明燈路三段59-1號	25.1081066	121.8057661				
瑞芳	5	1	藥房	新北市瑞芳區明燈路三段62號	25.1080694	121.8067552				
長興連鎖藥局 松南藥局	3.7	11	藥房	新北市汐止區新台五路二段89-1號	25.0372051	121.865707				
躍獅五福藥局	4.9	15	藥房	新北市金山區中山路99號	25.2191526	121.6398316				
唯新婦嬰藥妝-唯新藥局(鶯歌建國店)	4.6	171	藥房	新北市鶯歌區建國路161號	24.9534836	121.3503642				
丁丁連鎖藥局 鶯歌店	4.6	143	藥房	新北市鶯歌區文化路413號	24.9491598	121.3528858				
